sec_id,ca_type,ex_date,record_date,pay_date,declared_date,amount,currency,split_ratio,split_from,split_to,dividend_type,frequency,adjusted,source,notes
AAPL,dividend,2023-11-10,,,,0.24,USD,,,,regular,,True,yfinance,
AAPL,dividend,2024-02-09,,,,0.24,USD,,,,regular,,True,yfinance,
AAPL,dividend,2024-05-10,,,,0.25,USD,,,,regular,,True,yfinance,
AAPL,dividend,2024-08-12,,,,0.25,USD,,,,regular,,True,yfinance,
AAPL,dividend,2024-11-08,,,,0.25,USD,,,,regular,,True,yfinance,
AAPL,dividend,2025-02-10,,,,0.25,USD,,,,regular,,True,yfinance,
AAPL,dividend,2025-05-12,,,,0.26,USD,,,,regular,,True,yfinance,
AAPL,dividend,2025-08-11,,,,0.26,USD,,,,regular,,True,yfinance,
AAPL,dividend,2025-11-10,,,,0.26,USD,,,,regular,,True,yfinance,
AAPL,dividend,2026-02-09,,,,0.26,USD,,,,regular,,True,yfinance,
ASML,dividend,2025-04-28,,,,2.091,EUR,,,,regular,,True,yfinance,
ASML,dividend,2025-07-29,,,,1.847,EUR,,,,regular,,True,yfinance,
ASML,dividend,2025-10-29,,,,1.864,EUR,,,,regular,,True,yfinance,
ATRA,split,2024-06-20,,,,,,0.04,25.0,1.0,,,True,yfinance,Reverse split 1:25
AVGO,dividend,2023-09-20,,,,0.46,USD,,,,regular,,True,yfinance,
AVGO,dividend,2023-12-19,,,,0.525,USD,,,,regular,,True,yfinance,
AVGO,dividend,2024-03-20,,,,0.525,USD,,,,regular,,True,yfinance,
AVGO,dividend,2024-06-24,,,,0.525,USD,,,,regular,,True,yfinance,
AVGO,split,2024-07-15,,,,,,10.0,1.0,10.0,,,True,yfinance,Forward split 10:1
AVGO,dividend,2024-09-19,,,,0.53,USD,,,,regular,,True,yfinance,
AVGO,dividend,2024-12-23,,,,0.59,USD,,,,regular,,True,yfinance,
AVGO,dividend,2025-03-20,,,,0.59,USD,,,,regular,,True,yfinance,
AVGO,dividend,2025-06-20,,,,0.59,USD,,,,regular,,True,yfinance,
AVGO,dividend,2025-09-22,,,,0.59,USD,,,,regular,,True,yfinance,
AVGO,dividend,2025-12-22,,,,0.65,USD,,,,regular,,True,yfinance,
BK,dividend,2025-07-25,,,,0.53,USD,,,,regular,,True,yfinance,
BK,dividend,2025-10-27,,,,0.53,USD,,,,regular,,True,yfinance,
BK,dividend,2026-01-23,,,,0.53,USD,,,,regular,,True,yfinance,
BWA,split,2023-07-05,,,,,,1.136,1.0,1.136,,,True,yfinance,Forward split 1.136:1
BWA,dividend,2023-08-31,,,,0.11,USD,,,,regular,,True,yfinance,
BWA,dividend,2023-11-30,,,,0.11,USD,,,,regular,,True,yfinance,
BWA,dividend,2024-02-29,,,,0.11,USD,,,,regular,,True,yfinance,
BWA,dividend,2024-06-03,,,,0.11,USD,,,,regular,,True,yfinance,
BWA,dividend,2024-09-03,,,,0.11,USD,,,,regular,,True,yfinance,
BWA,dividend,2024-12-02,,,,0.11,USD,,,,regular,,True,yfinance,
BWA,dividend,2025-03-03,,,,0.11,USD,,,,regular,,True,yfinance,
BWA,dividend,2025-06-02,,,,0.11,USD,,,,regular,,True,yfinance,
BWA,dividend,2025-09-02,,,,0.17,USD,,,,regular,,True,yfinance,
BWA,dividend,2025-12-01,,,,0.17,USD,,,,regular,,True,yfinance,
CAT,dividend,2025-01-21,,,,1.41,USD,,,,regular,,True,yfinance,
CAT,dividend,2025-04-21,,,,1.41,USD,,,,regular,,True,yfinance,
CAT,dividend,2025-07-21,,,,1.51,USD,,,,regular,,True,yfinance,
CAT,dividend,2025-10-20,,,,1.51,USD,,,,regular,,True,yfinance,
CAT,dividend,2026-01-20,,,,1.51,USD,,,,regular,,True,yfinance,
CHPT,split,2025-07-28,,,,,,0.05,20.0,1.0,,,True,yfinance,Reverse split 1:20
CRM,dividend,2024-03-13,,,,0.4,USD,,,,regular,,True,yfinance,
CRM,dividend,2024-07-09,,,,0.4,USD,,,,regular,,True,yfinance,
CRM,dividend,2024-09-18,,,,0.4,USD,,,,regular,,True,yfinance,
CRM,dividend,2024-12-18,,,,0.4,USD,,,,regular,,True,yfinance,
CRM,dividend,2025-04-10,,,,0.416,USD,,,,regular,,True,yfinance,
CRM,dividend,2025-06-18,,,,0.416,USD,,,,regular,,True,yfinance,
CRM,dividend,2025-09-17,,,,0.416,USD,,,,regular,,True,yfinance,
CRM,dividend,2025-12-18,,,,0.416,USD,,,,regular,,True,yfinance,
CTSH,dividend,2023-08-18,,,,0.29,USD,,,,regular,,True,yfinance,
CTSH,dividend,2023-11-20,,,,0.29,USD,,,,regular,,True,yfinance,
CTSH,dividend,2024-02-16,,,,0.3,USD,,,,regular,,True,yfinance,
CTSH,dividend,2024-05-17,,,,0.3,USD,,,,regular,,True,yfinance,
CTSH,dividend,2024-08-20,,,,0.3,USD,,,,regular,,True,yfinance,
CTSH,dividend,2024-11-19,,,,0.3,USD,,,,regular,,True,yfinance,
CTSH,dividend,2025-02-18,,,,0.31,USD,,,,regular,,True,yfinance,
CTSH,dividend,2025-05-19,,,,0.31,USD,,,,regular,,True,yfinance,
CTSH,dividend,2025-08-18,,,,0.31,USD,,,,regular,,True,yfinance,
CTSH,dividend,2025-11-18,,,,0.31,USD,,,,regular,,True,yfinance,
EPR,dividend,2024-02-28,,,,0.275,USD,,,,regular,,True,yfinance,
EPR,dividend,2024-03-27,,,,0.285,USD,,,,regular,,True,yfinance,
EPR,dividend,2024-04-29,,,,0.285,USD,,,,regular,,True,yfinance,
EPR,dividend,2024-05-31,,,,0.285,USD,,,,regular,,True,yfinance,
EPR,dividend,2024-06-28,,,,0.285,USD,,,,regular,,True,yfinance,
EPR,dividend,2024-07-31,,,,0.285,USD,,,,regular,,True,yfinance,
EPR,dividend,2024-08-30,,,,0.285,USD,,,,regular,,True,yfinance,
EPR,dividend,2024-09-30,,,,0.285,USD,,,,regular,,True,yfinance,
EPR,dividend,2024-10-31,,,,0.285,USD,,,,regular,,True,yfinance,
EPR,dividend,2024-11-29,,,,0.285,USD,,,,regular,,True,yfinance,
EPR,dividend,2024-12-31,,,,0.285,USD,,,,regular,,True,yfinance,
EPR,dividend,2025-01-31,,,,0.285,USD,,,,regular,,True,yfinance,
EPR,dividend,2025-02-28,,,,0.285,USD,,,,regular,,True,yfinance,
EPR,dividend,2025-03-31,,,,0.295,USD,,,,regular,,True,yfinance,
EPR,dividend,2025-04-30,,,,0.295,USD,,,,regular,,True,yfinance,
EPR,dividend,2025-05-30,,,,0.295,USD,,,,regular,,True,yfinance,
EPR,dividend,2025-06-30,,,,0.295,USD,,,,regular,,True,yfinance,
EPR,dividend,2025-07-31,,,,0.295,USD,,,,regular,,True,yfinance,
EPR,dividend,2025-08-29,,,,0.295,USD,,,,regular,,True,yfinance,
EPR,dividend,2025-09-30,,,,0.295,USD,,,,regular,,True,yfinance,
EPR,dividend,2025-10-31,,,,0.295,USD,,,,regular,,True,yfinance,
EPR,dividend,2025-11-28,,,,0.295,USD,,,,regular,,True,yfinance,
EPR,dividend,2025-12-31,,,,0.295,USD,,,,regular,,True,yfinance,
EPR,dividend,2026-01-30,,,,0.295,USD,,,,regular,,True,yfinance,
GOOGL,dividend,2024-06-10,,,,0.2,USD,,,,regular,,True,yfinance,
GOOGL,dividend,2024-09-09,,,,0.2,USD,,,,regular,,True,yfinance,
GOOGL,dividend,2024-12-09,,,,0.2,USD,,,,regular,,True,yfinance,
GOOGL,dividend,2025-03-10,,,,0.2,USD,,,,regular,,True,yfinance,
GOOGL,dividend,2025-06-09,,,,0.21,USD,,,,regular,,True,yfinance,
GOOGL,dividend,2025-09-08,,,,0.21,USD,,,,regular,,True,yfinance,
GOOGL,dividend,2025-12-08,,,,0.21,USD,,,,regular,,True,yfinance,
IFNNY,dividend,2024-02-26,,,,0.38,USD,,,,regular,,True,yfinance,
IFNNY,dividend,2025-02-24,,,,0.367,USD,,,,regular,,True,yfinance,
INTU,dividend,2024-04-09,,,,0.9,USD,,,,regular,,True,yfinance,
INTU,dividend,2024-07-10,,,,0.9,USD,,,,regular,,True,yfinance,
INTU,dividend,2024-10-10,,,,1.04,USD,,,,regular,,True,yfinance,
INTU,dividend,2025-01-10,,,,1.04,USD,,,,regular,,True,yfinance,
INTU,dividend,2025-04-10,,,,1.04,USD,,,,regular,,True,yfinance,
INTU,dividend,2025-07-10,,,,1.04,USD,,,,regular,,True,yfinance,
INTU,dividend,2025-10-09,,,,1.2,USD,,,,regular,,True,yfinance,
INTU,dividend,2026-01-09,,,,1.2,USD,,,,regular,,True,yfinance,
KLAC,dividend,2023-08-14,,,,1.3,USD,,,,regular,,True,yfinance,
KLAC,dividend,2023-11-14,,,,1.45,USD,,,,regular,,True,yfinance,
KLAC,dividend,2024-02-15,,,,1.45,USD,,,,regular,,True,yfinance,
KLAC,dividend,2024-05-14,,,,1.45,USD,,,,regular,,True,yfinance,
KLAC,dividend,2024-08-15,,,,1.45,USD,,,,regular,,True,yfinance,
KLAC,dividend,2024-11-18,,,,1.7,USD,,,,regular,,True,yfinance,
KLAC,dividend,2025-02-24,,,,1.7,USD,,,,regular,,True,yfinance,
KLAC,dividend,2025-05-19,,,,1.9,USD,,,,regular,,True,yfinance,
KLAC,dividend,2025-08-18,,,,1.9,USD,,,,regular,,True,yfinance,
KLAC,dividend,2025-11-17,,,,1.9,USD,,,,regular,,True,yfinance,
META,dividend,2025-06-16,,,,0.525,USD,,,,regular,,True,yfinance,
META,dividend,2025-09-22,,,,0.525,USD,,,,regular,,True,yfinance,
META,dividend,2025-12-15,,,,0.525,USD,,,,regular,,True,yfinance,
MSFT,dividend,2024-02-14,,,,0.75,USD,,,,regular,,True,yfinance,
MSFT,dividend,2024-05-15,,,,0.75,USD,,,,regular,,True,yfinance,
MSFT,dividend,2024-08-15,,,,0.75,USD,,,,regular,,True,yfinance,
MSFT,dividend,2024-11-21,,,,0.83,USD,,,,regular,,True,yfinance,
MSFT,dividend,2025-02-20,,,,0.83,USD,,,,regular,,True,yfinance,
MSFT,dividend,2025-05-15,,,,0.83,USD,,,,regular,,True,yfinance,
MSFT,dividend,2025-08-21,,,,0.83,USD,,,,regular,,True,yfinance,
MSFT,dividend,2025-11-20,,,,0.91,USD,,,,regular,,True,yfinance,
MU,dividend,2024-12-30,,,,0.115,USD,,,,regular,,True,yfinance,
MU,dividend,2025-03-31,,,,0.115,USD,,,,regular,,True,yfinance,
MU,dividend,2025-07-07,,,,0.115,USD,,,,regular,,True,yfinance,
MU,dividend,2025-10-03,,,,0.115,USD,,,,regular,,True,yfinance,
MU,dividend,2025-12-29,,,,0.115,USD,,,,regular,,True,yfinance,
NFLX,split,2025-11-17,,,,,,10.0,1.0,10.0,,,True,yfinance,Forward split 10:1
NLCP,dividend,2024-12-31,,,,0.43,USD,,,,regular,,True,yfinance,
NLCP,dividend,2025-03-31,,,,0.43,USD,,,,regular,,True,yfinance,
NLCP,dividend,2025-06-30,,,,0.43,USD,,,,regular,,True,yfinance,
NLCP,dividend,2025-09-30,,,,0.43,USD,,,,regular,,True,yfinance,
NLCP,dividend,2025-12-31,,,,0.43,USD,,,,regular,,True,yfinance,
NNN,dividend,2024-04-29,,,,0.565,USD,,,,regular,,True,yfinance,
NNN,dividend,2024-07-31,,,,0.58,USD,,,,regular,,True,yfinance,
NNN,dividend,2024-10-31,,,,0.58,USD,,,,regular,,True,yfinance,
NNN,dividend,2025-01-31,,,,0.58,USD,,,,regular,,True,yfinance,
NNN,dividend,2025-04-30,,,,0.58,USD,,,,regular,,True,yfinance,
NNN,dividend,2025-07-31,,,,0.6,USD,,,,regular,,True,yfinance,
NNN,dividend,2025-10-31,,,,0.6,USD,,,,regular,,True,yfinance,
NNN,dividend,2026-01-30,,,,0.6,USD,,,,regular,,True,yfinance,
NOW,split,2025-12-18,,,,,,5.0,1.0,5.0,,,True,yfinance,Forward split 5:1
NVDA,dividend,2023-09-06,,,,0.004,USD,,,,regular,,True,yfinance,
NVDA,dividend,2023-12-05,,,,0.004,USD,,,,regular,,True,yfinance,
NVDA,dividend,2024-03-05,,,,0.004,USD,,,,regular,,True,yfinance,
NVDA,split,2024-06-10,,,,,,10.0,1.0,10.0,,,True,yfinance,Forward split 10:1
NVDA,dividend,2024-06-11,,,,0.01,USD,,,,regular,,True,yfinance,
NVDA,dividend,2024-09-12,,,,0.01,USD,,,,regular,,True,yfinance,
NVDA,dividend,2024-12-05,,,,0.01,USD,,,,regular,,True,yfinance,
NVDA,dividend,2025-03-12,,,,0.01,USD,,,,regular,,True,yfinance,
NVDA,dividend,2025-06-11,,,,0.01,USD,,,,regular,,True,yfinance,
NVDA,dividend,2025-09-11,,,,0.01,USD,,,,regular,,True,yfinance,
NVDA,dividend,2025-12-04,,,,0.01,USD,,,,regular,,True,yfinance,
PHIN,dividend,2023-09-11,,,,0.25,USD,,,,regular,,True,yfinance,
PHIN,dividend,2023-11-30,,,,0.25,USD,,,,regular,,True,yfinance,
PHIN,dividend,2024-02-23,,,,0.25,USD,,,,regular,,True,yfinance,
PHIN,dividend,2024-05-23,,,,0.25,USD,,,,regular,,True,yfinance,
PHIN,dividend,2024-08-23,,,,0.25,USD,,,,regular,,True,yfinance,
PHIN,dividend,2024-11-25,,,,0.25,USD,,,,regular,,True,yfinance,
PHIN,dividend,2025-02-28,,,,0.27,USD,,,,regular,,True,yfinance,
PHIN,dividend,2025-06-02,,,,0.27,USD,,,,regular,,True,yfinance,
PHIN,dividend,2025-08-22,,,,0.27,USD,,,,regular,,True,yfinance,
PHIN,dividend,2025-11-24,,,,0.27,USD,,,,regular,,True,yfinance,
PYPL,dividend,2025-11-19,,,,0.14,USD,,,,regular,,True,yfinance,
QCOM,dividend,2023-08-30,,,,0.8,USD,,,,regular,,True,yfinance,
QCOM,dividend,2023-11-29,,,,0.8,USD,,,,regular,,True,yfinance,
QCOM,dividend,2024-02-28,,,,0.8,USD,,,,regular,,True,yfinance,
QCOM,dividend,2024-05-30,,,,0.85,USD,,,,regular,,True,yfinance,
QCOM,dividend,2024-09-05,,,,0.85,USD,,,,regular,,True,yfinance,
QCOM,dividend,2024-12-05,,,,0.85,USD,,,,regular,,True,yfinance,
QCOM,dividend,2025-03-06,,,,0.85,USD,,,,regular,,True,yfinance,
QCOM,dividend,2025-06-05,,,,0.89,USD,,,,regular,,True,yfinance,
QCOM,dividend,2025-09-04,,,,0.89,USD,,,,regular,,True,yfinance,
QCOM,dividend,2025-12-04,,,,0.89,USD,,,,regular,,True,yfinance,
SAP,dividend,2024-05-16,,,,2.385,USD,,,,regular,,True,yfinance,
SAP,dividend,2025-05-13,,,,2.63,USD,,,,regular,,True,yfinance,
STM,dividend,2023-06-26,,,,0.06,USD,,,,regular,,True,yfinance,
STM,dividend,2023-09-18,,,,0.06,USD,,,,regular,,True,yfinance,
STM,dividend,2023-12-11,,,,0.06,USD,,,,regular,,True,yfinance,
STM,dividend,2024-03-18,,,,0.06,USD,,,,regular,,True,yfinance,
STM,dividend,2024-06-25,,,,0.09,USD,,,,regular,,True,yfinance,
STM,dividend,2024-09-24,,,,0.09,USD,,,,regular,,True,yfinance,
STM,dividend,2024-12-17,,,,0.09,USD,,,,regular,,True,yfinance,
STM,dividend,2025-03-25,,,,0.09,USD,,,,regular,,True,yfinance,
STM,dividend,2025-06-24,,,,0.09,USD,,,,regular,,True,yfinance,
STM,dividend,2025-09-23,,,,0.09,USD,,,,regular,,True,yfinance,
STM,dividend,2025-12-16,,,,0.09,USD,,,,regular,,True,yfinance,
N/A,info,,,,,,,,,,,,,yfinance,"Spinoffs, M&A, Rights Issues, Symbol Changes are NOT available via yfinance API"
