Statement,Header,Field Name,Field Value
Statement,Data,BrokerName,
Statement,Data,BrokerAddress,
Statement,Data,Title,Activity Statement
Statement,Data,Period,"January 1, 2024 - December 31, 2024"
Statement,Data,WhenGenerated,"2025-07-02, 05:16:06 EDT"
Account Information,Header,Field Name,Field Value
Account Information,Data,Name,Louis Garnier
Account Information,Data,Account,U7850924
Account Information,Data,Account Type,Individual
Account Information,Data,Customer Type,Individual
Account Information,Data,Account Capabilities,Cash
Account Information,Data,Base Currency,EUR
Net Asset Value,Header,Asset Class,Prior Total,Current Long,Current Short,Current Total,Change
Net Asset Value,Data,Cash ,2125.851300531,1433.077138302,0,1433.077138302,-692.774162229
Net Asset Value,Data,Stock,18435.9368368,65040.9930828,0,65040.9930828,46605.056246
Net Asset Value,Data,Total,20561.788137331,66474.070221102,0,66474.070221102,45912.282083771
Net Asset Value,Header,Time Weighted Rate of Return
Net Asset Value,Data,90.922961447%
Change in NAV,Header,Field Name,Field Value
Change in NAV,Data,Starting Value,20561.788137331
Change in NAV,Data,Mark-to-Market,27270.023064698
Change in NAV,Data,Deposits & Withdrawals,18743.3419468
Change in NAV,Data,Dividends,115.6742621
Change in NAV,Data,Withholding Tax,-33.9654115
Change in NAV,Data,Change in Dividend Accruals,-0.1694295
Change in NAV,Data,Other Fees,-0.3136977
Change in NAV,Data,Commissions,-182.47800734
Change in NAV,Data,Other FX Translations,0.1694295
Change in NAV,Data,Ending Value,66474.070221102
Mark-to-Market Performance Summary,Header,Asset Category,Symbol,Prior Quantity,Current Quantity,Prior Price,Current Price,Mark-to-Market P/L Position,Mark-to-Market P/L Transaction,Mark-to-Market P/L Commissions,Mark-to-Market P/L Other,Mark-to-Market P/L Total,Code
Mark-to-Market Performance Summary,Data,Stocks,AAPL,5,0,192.5300,--,300.0378556,-4.66776786,-4.65438846,3.0143232,293.73002248,
Mark-to-Market Performance Summary,Data,Stocks,ABNB,0,0,--,--,32.810688,-5.0312506,-2.78171981,0,24.99771759,
Mark-to-Market Performance Summary,Data,Stocks,AMD,12.8997,12,147.4100,120.7900,-486.42378061,9.82277135,-6.50308657,0,-483.10409583,
Mark-to-Market Performance Summary,Data,Stocks,AVGO,0.6615,13,"1,116.2500",231.8400,1089.01658444,-5.38229033,-5.57986927,15.3601211,1093.41454594,
Mark-to-Market Performance Summary,Data,Stocks,BWA,5.1315,0,35.8500,--,-17.3895326,1.12932943,-1.52654519,0.3581994,-17.42854896,
Mark-to-Market Performance Summary,Data,Stocks,CAT,0,0,--,--,-19.5401451,-0.77668496,-1.88583971,0,-22.20266977,
Mark-to-Market Performance Summary,Data,Stocks,CHPT,22.4315,0,2.3400,--,-7.98866271,0.51025264,-0.40836157,0,-7.88677164,
Mark-to-Market Performance Summary,Data,Stocks,CLSK,0,0,--,--,-108.9781333,52.19834718,-2.88081963,0,-59.66060575,
Mark-to-Market Performance Summary,Data,Stocks,COIN,0,9,--,248.3000,441.6899306,-2.8054143,-3.654508,0,435.2300083,
Mark-to-Market Performance Summary,Data,Stocks,CRM,3,0,263.1400,--,-107.45478408,-1.24233105,-3.69565063,2.023804,-110.36896176,
Mark-to-Market Performance Summary,Data,Stocks,CRWD,0,5,--,342.1600,446.4690889,-22.7182666,-5.57677359,0,418.17404871,
Mark-to-Market Performance Summary,Data,Stocks,CTSH,1.5676,0,75.5300,--,-0.58062792,-1.29690539,-0.91665074,0.3044712,-2.48971285,
Mark-to-Market Performance Summary,Data,Stocks,EPR,0,0,--,--,17.1654412,-0.941147,-1.84619788,5.8570142,20.23511052,
Mark-to-Market Performance Summary,Data,Stocks,FTNT,0,0,--,--,-24.5452568,-1.55241808,-1.86945791,0,-27.96713279,
Mark-to-Market Performance Summary,Data,Stocks,GOOGL,11,17,139.6900,189.3000,684.990627,-7.96364408,-4.63523712,6.0919488,678.4836946,
Mark-to-Market Performance Summary,Data,Stocks,HUBS,3,0,580.5400,--,-131.1076412,-0.5809399,-2.78211379,0,-134.47069489,
Mark-to-Market Performance Summary,Data,Stocks,IFNNY,9.7271,0,41.8500,--,-60.27562507,-0.69980745,-1.84901427,1.284528,-61.53991879,
Mark-to-Market Performance Summary,Data,Stocks,INTU,0,0,--,--,-18.5721858,-3.348905,-1.85437601,0.2912543,-23.48421251,
Mark-to-Market Performance Summary,Data,Stocks,IWQU,0,0,--,--,96.6687209,-0.0413184,-11.03964,0,85.5877625,
Mark-to-Market Performance Summary,Data,Stocks,KLAC,1,0,581.3000,--,102.15076025,-0.9485024,-2.79466588,1.8817674,100.28935937,
Mark-to-Market Performance Summary,Data,Stocks,MARA,0,0,--,--,-24.975066,-12.3041985,-1.85310499,0,-39.13236949,
Mark-to-Market Performance Summary,Data,Stocks,MSFT,0,0,--,--,39.9678614,2.2064776,-3.69854895,2.8907655,41.36655555,
Mark-to-Market Performance Summary,Data,Stocks,MU,0,0,--,--,5.1693976,-0.32598136,-1.86177976,0,2.98163648,
Mark-to-Market Performance Summary,Data,Stocks,NLCP,0,0,--,--,-5.6619503,0.179278,-1.87911439,0,-7.36178669,
Mark-to-Market Performance Summary,Data,Stocks,NNN,0,0,--,--,67.579308,0.8200212,-2.78456234,7.3295462,72.94431306,
Mark-to-Market Performance Summary,Data,Stocks,NVDA,4,62,495.2200,134.2900,2501.90298408,31.93496804,-11.13483566,1.0732228,2523.77633926,
Mark-to-Market Performance Summary,Data,Stocks,PLTR,130,280,17.1700,75.6300,14216.2937849,-99.48693538,-13.40691761,0,14103.39993191,
Mark-to-Market Performance Summary,Data,Stocks,PYPL,2,20,61.4100,85.3500,357.0573967,1.54704602,-6.68829416,0,351.91614856,
Mark-to-Market Performance Summary,Data,Stocks,QCOM,6,9,144.6300,153.6200,-104.7777233,-13.0845034,-7.45469348,21.7188221,-103.59809808,
Mark-to-Market Performance Summary,Data,Stocks,RGTI,0,60,--,15.2600,368.847358,-32.793484,-1.92140024,0,334.13247376,
Mark-to-Market Performance Summary,Data,Stocks,SAP,7,12,154.5900,246.2100,553.3312191,-1.3678714,-2.8499918,11.4059792,560.5193351,
Mark-to-Market Performance Summary,Data,Stocks,SNAP,108,0,16.9300,--,-781.0743773,5.32229378,-6.55592658,0,-782.3080101,
Mark-to-Market Performance Summary,Data,Stocks,SOFI,40,750,9.9500,15.4000,3559.9366043,35.95474072,-18.91071607,0,3576.98062895,
Mark-to-Market Performance Summary,Data,Stocks,SOUN,0,21.7631,--,19.8400,8.83245722,20.95846648,-0.95441193,0,28.83651177,
Mark-to-Market Performance Summary,Data,Stocks,STM,42.4696,0,50.1300,--,-269.89798243,9.65956607,-3.69125063,0.8230832,-263.10658379,
Mark-to-Market Performance Summary,Data,Stocks,TSLA,0,18,--,403.8400,1481.9746189,-44.39010867,-14.00451049,0,1423.57999974,
Mark-to-Market Performance Summary,Data,Stocks,WAGA,1,0,25.4500,--,-10.31,0.04,-3,0,-13.27,
Mark-to-Market Performance Summary,Data,Stocks,ZS,3,0,221.5600,--,-164.2216176,-8.02711224,-7.46901223,0,-179.71774207,
Mark-to-Market Performance Summary,Data,Total,,,,,,24028.11759497,-99.49422984,-178.85398734,81.7088506,23831.47822839,
Mark-to-Market Performance Summary,Data,Forex,EUR,0.7714,1422.298140702,1.0000,1.0000,0,0,0,0,0,
Mark-to-Market Performance Summary,Data,Forex,USD,2345.40747912,11.16,0.90606,0.96586,3320.97640577,20.423225,-3.62402,0,3337.77561077,
Mark-to-Market Performance Summary,Data,Total,,,,,,3320.97640577,20.423225,-3.62402,0,3337.77561077,
Mark-to-Market Performance Summary,Data,Total (All Assets),,,,,,27349.09400074,-79.07100484,-182.47800734,81.7088506,27169.25383916,
Mark-to-Market Performance Summary,Data,Other Fees,,,,,,,,,,-0.3136977,
Total P/L for Statement Period,,,,,,,,,,,,27168.94014146,
Realized & Unrealized Performance Summary,Header,Asset Category,Symbol,Cost Adj.,Realized S/T Profit,Realized S/T Loss,Realized L/T Profit,Realized L/T Loss,Realized Total,Unrealized S/T Profit,Unrealized S/T Loss,Unrealized L/T Profit,Unrealized L/T Loss,Unrealized Total,Total,Code
Realized & Unrealized Performance Summary,Data,Stocks,AAPL,0,109.20505619,0,202.10483429,0,311.30989048,0,0,0,0,0,311.30989048,
Realized & Unrealized Performance Summary,Data,Stocks,ABNB,0,24.97698479,0,0,0,24.97698479,0,0,0,0,0,24.97698479,
Realized & Unrealized Performance Summary,Data,Stocks,AMD,0,318.23758542,-1.05273492,149.34307874,0,466.52792924,0,-527.242558617,0,-0.008727511,-527.251286128,-60.723356888,
Realized & Unrealized Performance Summary,Data,Stocks,AVGO,0,0,0,309.41575043,0,309.41575043,603.033964673,-17.926431142,356.859927765,0,941.967461297,1251.383211727,
Realized & Unrealized Performance Summary,Data,Stocks,BWA,0,0,-56.61022425,0,0,-56.61022425,0,0,0,0,0,-56.61022425,
Realized & Unrealized Performance Summary,Data,Stocks,CAT,0,0,-22.52579392,0,0,-22.52579392,0,0,0,0,0,-22.52579392,
Realized & Unrealized Performance Summary,Data,Stocks,CHPT,0,0,-105.72344277,0,0,-105.72344277,0,0,0,0,0,-105.72344277,
Realized & Unrealized Performance Summary,Data,Stocks,CLSK,0,0,-59.86791963,0,0,-59.86791963,0,0,0,0,0,-59.86791963,
Realized & Unrealized Performance Summary,Data,Stocks,COIN,0,0,0,0,0,0,489.096784294,-17.144015,0,0,471.952769294,471.952769294,
Realized & Unrealized Performance Summary,Data,Stocks,CRM,0,27.24947648,-38.55215138,15.64904208,0,4.34636718,0,0,0,0,0,4.34636718,
Realized & Unrealized Performance Summary,Data,Stocks,CRWD,0,255.62754308,-54.12280899,0,0,201.50473409,234.182103627,0,0,0,234.182103627,435.686837717,
Realized & Unrealized Performance Summary,Data,Stocks,CTSH,0,13.17568907,0,0,0,13.17568907,0,0,0,0,0,13.17568907,
Realized & Unrealized Performance Summary,Data,Stocks,EPR,-2.16707095,16.76858208,0,0,0,16.76858208,0,0,0,0,0,16.76858208,
Realized & Unrealized Performance Summary,Data,Stocks,FTNT,0,0,-28.10481071,0,0,-28.10481071,0,0,0,0,0,-28.10481071,
Realized & Unrealized Performance Summary,Data,Stocks,GOOGL,0,0,0,99.94466305,0,99.94466305,225.147374816,-17.887819923,514.439046984,0,721.698601877,821.643264927,
Realized & Unrealized Performance Summary,Data,Stocks,HUBS,0,69.60784591,-78.56267818,0,-68.80435683,-77.7591891,0,0,0,0,0,-77.7591891,
Realized & Unrealized Performance Summary,Data,Stocks,IFNNY,0,0,-58.26781673,0,0,-58.26781673,0,0,0,0,0,-58.26781673,
Realized & Unrealized Performance Summary,Data,Stocks,INTU,0,0,-23.85269021,0,0,-23.85269021,0,0,0,0,0,-23.85269021,
Realized & Unrealized Performance Summary,Data,Stocks,IWQU,0,86.5508286,0,0,0,86.5508286,0,0,0,0,0,86.5508286,
Realized & Unrealized Performance Summary,Data,Stocks,KLAC,0,183.04501541,0,0,0,183.04501541,0,0,0,0,0,183.04501541,
Realized & Unrealized Performance Summary,Data,Stocks,MARA,0,0,-38.84242299,0,0,-38.84242299,0,0,0,0,0,-38.84242299,
Realized & Unrealized Performance Summary,Data,Stocks,MSFT,0,38.77168046,0,0,0,38.77168046,0,0,0,0,0,38.77168046,
Realized & Unrealized Performance Summary,Data,Stocks,MU,0,2.84191583,0,0,0,2.84191583,0,0,0,0,0,2.84191583,
Realized & Unrealized Performance Summary,Data,Stocks,NLCP,0,0,-7.86036634,0,0,-7.86036634,0,0,0,0,0,-7.86036634,
Realized & Unrealized Performance Summary,Data,Stocks,NNN,-0.01602253,65.64880249,0,0,0,65.64880249,0,0,0,0,0,65.64880249,
Realized & Unrealized Performance Summary,Data,Stocks,NVDA,0,834.83306185,0,0,0,834.83306185,1016.21752575,-84.068380995,995.90887046,0,1928.058015215,2762.891077065,
Realized & Unrealized Performance Summary,Data,Stocks,PLTR,0,516.254648,0,0,0,516.254648,12519.946558934,0,1683.397394,0,14203.343952934,14719.598600934,
Realized & Unrealized Performance Summary,Data,Stocks,PYPL,0,87.32697089,0,0,0,87.32697089,316.170381482,-22.060520568,0,0,294.109860914,381.436831804,
Realized & Unrealized Performance Summary,Data,Stocks,QCOM,0,18.66235729,-17.22002156,228.54787818,0,229.99021391,0,-226.097111715,0,0,-226.097111715,3.893102195,
Realized & Unrealized Performance Summary,Data,Stocks,RGTI,0,0,0,0,0,0,338.819515485,0,0,0,338.819515485,338.819515485,
Realized & Unrealized Performance Summary,Data,Stocks,SAP,0,0,0,0,0,0,0,-39.50402171,697.258390612,0,657.754368902,657.754368902,
Realized & Unrealized Performance Summary,Data,Stocks,SNAP,0,95.22611511,-390.31633401,0,0,-295.0902189,0,0,0,0,0,-295.0902189,
Realized & Unrealized Performance Summary,Data,Stocks,SOFI,0,0,0,0,0,0,3611.43445778,-88.739071329,268.702252,0,3791.397638451,3791.397638451,
Realized & Unrealized Performance Summary,Data,Stocks,SOUN,0,0,0,0,0,0,29.739036094,-0.009517584,0,0,29.72951851,29.72951851,
Realized & Unrealized Performance Summary,Data,Stocks,STM,0,0,-97.39324542,0,-97.21912337,-194.61236879,0,0,0,0,0,-194.61236879,
Realized & Unrealized Performance Summary,Data,Stocks,TSLA,0,0,-71.16858253,0,0,-71.16858253,1818.479726245,-258.830911676,0,0,1559.648814568,1488.480232038,
Realized & Unrealized Performance Summary,Data,Stocks,WAGA,0,0,-19.42,0,0,-19.42,0,0,0,0,0,-19.42,
Realized & Unrealized Performance Summary,Data,Stocks,ZS,0,126.11702227,-123.95569584,0,0,2.16132643,0,0,0,0,0,2.16132643,
Realized & Unrealized Performance Summary,Data,Total,,-2.18309348,2890.12718122,-1293.41974038,1005.00524677,-166.0234802,2435.68920741,21202.26742918,-1299.510360258,4516.565881821,-0.008727511,24419.314223232,26855.003430642,
Realized & Unrealized Performance Summary,Data,Forex,USD,0,126.675552,-111.216643,0,0,15.458909,0.006605,0,0,0,0.006605,15.465514,
Realized & Unrealized Performance Summary,Data,Total,,0,126.675552,-111.216643,0,0,15.458909,0.006605,0,0,0,0.006605,15.465514,
Realized & Unrealized Performance Summary,Data,Total (All Assets),,-2.18309348,3016.80273322,-1404.63638338,1005.00524677,-166.0234802,2451.14811641,21202.27403418,-1299.510360258,4516.565881821,-0.008727511,24419.320828232,26870.468944642,
Cash Report,Header,Currency Summary,Currency,Total,Securities,Futures,
Cash Report,Data,Starting Cash,Base Currency Summary,2125.851300531,2125.851300531,0,
Cash Report,Data,Commissions,Base Currency Summary,-182.47800734,-182.47800734,0,
Cash Report,Data,Deposits,Base Currency Summary,18743.3419468,18743.3419468,0,
Cash Report,Data,Dividends,Base Currency Summary,115.6742621,115.6742621,0,
Cash Report,Data,Trades (Sales),Base Currency Summary,43916.98092144,43916.98092144,0,
Cash Report,Data,Trades (Purchase),Base Currency Summary,-63273.99843711,-63273.99843711,0,
Cash Report,Data,Other Fees,Base Currency Summary,-0.3136977,-0.3136977,0,
Cash Report,Data,Withholding Tax,Base Currency Summary,-33.9654115,-33.9654115,0,
Cash Report,Data,Cash FX Translation Gain/Loss,Base Currency Summary,21.98426107,21.98426107,0,
Cash Report,Data,Ending Cash,Base Currency Summary,1433.077138302,1433.077138302,0,
Cash Report,Data,Ending Settled Cash,Base Currency Summary,1433.077138302,1433.077138302,0,
Cash Report,Data,Starting Cash,EUR,0.7714,0.7714,0,
Cash Report,Data,Commissions,EUR,-6.62402,-6.62402,0,
Cash Report,Data,Deposits,EUR,13600,13600,0,
Cash Report,Data,Trades (Sales),EUR,2189.88087154,2189.88087154,0,
Cash Report,Data,Trades (Purchase),EUR,-14361.73011083,-14361.73011083,0,
Cash Report,Data,Ending Cash,EUR,1422.298140702,1422.298140702,0,
Cash Report,Data,Ending Settled Cash,EUR,1422.298140702,1422.298140702,0,
Cash Report,Data,Starting Cash,USD,2345.40747912,2345.40747912,0,
Cash Report,Data,Commissions,USD,-189.69122723,-189.69122723,0,
Cash Report,Data,Deposits,USD,5582.7,5582.7,0,
Cash Report,Data,Dividends,USD,124.99,124.99,0,
Cash Report,Data,Trades (Sales),USD,45062.61286784,45062.61286784,0,
Cash Report,Data,Trades (Purchase),USD,-52877.81911972,-52877.81911972,0,
Cash Report,Data,Other Fees,USD,-0.34,-0.34,0,
Cash Report,Data,Withholding Tax,USD,-36.7,-36.7,0,
Cash Report,Data,Ending Cash,USD,11.16,11.16,0,
Cash Report,Data,Ending Settled Cash,USD,11.16,11.16,0,
Open Positions,Header,DataDiscriminator,Asset Category,Currency,Symbol,Quantity,Mult,Cost Price,Cost Basis,Close Price,Value,Unrealized P/L,Code
Open Positions,Data,Summary,Stocks,USD,AMD,12,1,166.28065825,1995.367899,120.79,1449.48,-545.887899,
Open Positions,Data,Summary,Stocks,USD,AVGO,13,1,156.819774,2038.657062,231.84,3013.92,975.262938,
Open Positions,Data,Summary,Stocks,USD,COIN,9,1,194.007248889,1746.06524,248.3,2234.7,488.63476,
Open Positions,Data,Summary,Stocks,USD,CRWD,5,1,293.6680646,1468.340323,342.16,1710.8,242.459677,
Open Positions,Data,Summary,Stocks,USD,GOOGL,17,1,145.346571,2470.891707,189.3,3218.1,747.208293,
Open Positions,Data,Summary,Stocks,USD,NVDA,62,1,102.093087484,6329.771424,134.29,8325.98,1996.208576,
Open Positions,Data,Summary,Stocks,USD,PLTR,280,1,23.110764911,6471.014175,75.63,21176.4,14705.385825,
Open Positions,Data,Summary,Stocks,USD,PYPL,20,1,70.12471575,1402.494315,85.35,1707,304.505685,
Open Positions,Data,Summary,Stocks,USD,QCOM,9,1,179.629878556,1616.668907,153.62,1382.58,-234.088907,
Open Positions,Data,Summary,Stocks,USD,RGTI,60,1,9.413405333,564.80432,15.26,915.6,350.79568,
Open Positions,Data,Summary,Stocks,USD,SAP,12,1,189.45968,2273.51616,246.21,2954.52,681.00384,
Open Positions,Data,Summary,Stocks,USD,SOFI,750,1,10.166118432,7624.588824,15.4,11550,3925.411176,
Open Positions,Data,Summary,Stocks,USD,SOUN,21.7631,1,18.425667253,400.999639,19.84,431.78,30.78036,
Open Positions,Data,Summary,Stocks,USD,TSLA,18,1,314.130149333,5654.342688,403.84,7269.12,1614.777312,
Open Positions,Total,,Stocks,USD,,,,,42057.522683,,67339.98,25282.457316,
Open Positions,Total,,Stocks,EUR,,,,,40621.678858602,,65040.9930828,24419.314223232,
Forex Balances,Header,Asset Category,Currency,Description,Quantity,Cost Price,Cost Basis in EUR,Close Price,Value in EUR,Unrealized P/L in EUR,Code
Forex Balances,Data,Forex,EUR,EUR,1422.298140702,0,-1422.298140702,1,1422.298140702,0,
Forex Balances,Data,Forex,EUR,USD,11.159999,0.965268187,-10.772392,0.96586,10.778996,0.006605,
Forex Balances,Data,Total,,,,,-1433.070532702,,1433.077136702,0.006605,
Trades,Header,DataDiscriminator,Asset Category,Currency,Symbol,Date/Time,Quantity,T. Price,C. Price,Proceeds,Comm/Fee,Basis,Realized P/L,MTM P/L,Code
Trades,Data,Order,Stocks,EUR,WAGA,"2024-03-18, 10:46:15",-1,15.18,15.14,15.18,-3,-31.6,-19.42,0.04,C;MLG
Trades,SubTotal,,Stocks,EUR,WAGA,,-1,,,15.18,-3,-31.6,-19.42,0.04,
Trades,Total,,Stocks,EUR,,,,,,15.18,-3,-31.6,-19.42,0.04, 
Trades,Data,Order,Stocks,USD,AAPL,"2024-03-07, 13:39:02",1,169.98,169,-169.98,-1,170.98,0,-0.98,O
Trades,Data,Order,Stocks,USD,AAPL,"2024-03-28, 12:19:47",1,170.835,171.48,-170.835,-1,171.835,0,0.645,O
Trades,Data,Order,Stocks,USD,AAPL,"2024-10-22, 10:57:07",-3,234.175,235.86,702.525,-1.020244195,-562.595,138.909756,-5.055,C;MLG;P
Trades,Data,Order,Stocks,USD,AAPL,"2024-10-24, 09:41:51",-2,229.651,230.57,459.302,-1.013244596,-378.74,79.548755,-1.838,C;MLG
Trades,Data,Order,Stocks,USD,AAPL,"2024-10-30, 11:55:19",-2,231.19,230.1,462.38,-1.013330164,-342.815,118.55167,2.18,C;IM;MLG;P
Trades,SubTotal,,Stocks,USD,AAPL,,-5,,,1283.392,-5.046818955,-941.335,337.010181,-5.048,
Trades,Data,Order,Stocks,USD,ABNB,"2024-02-12, 12:56:23",2,155.73,153.8,-311.46,-1,312.46,0,-3.86,O
Trades,Data,Order,Stocks,USD,ABNB,"2024-02-13, 12:48:04",1,151.65,150.82,-151.65,-1,152.65,0,-0.83,O
Trades,Data,Order,Stocks,USD,ABNB,"2024-03-20, 12:01:27",-3,164.465,164.71,493.395,-1.00444516,-465.11,27.280555,-0.735,C;MLG
Trades,SubTotal,,Stocks,USD,ABNB,,0,,,30.285,-3.00444516,0,27.280555,-5.425,
Trades,Data,Order,Stocks,USD,AMD,"2024-01-17, 10:30:51",3,156.25,160.17,-468.75,-1,469.75,0,11.76,O
Trades,Data,Order,Stocks,USD,AMD,"2024-01-24, 11:24:13",2.1003,177.915716326,178.29,-373.676379,-1,374.676379,0,0.7861,FPA;O;P
Trades,Data,Order,Stocks,USD,AMD,"2024-02-22, 09:39:17",1,174.93,181.86,-174.93,-1,175.93,0,6.93,O
Trades,Data,Order,Stocks,USD,AMD,"2024-04-22, 09:41:32",-9,148.465,148.64,1336.185,-1.01218348,-996.124442,339.048376,-1.575,C;MLG
Trades,Data,Order,Stocks,USD,AMD,"2024-05-17, 10:21:54",7,165.49,164.47,-1158.43,-1,1159.43,0,-7.14,O
Trades,Data,Order,Stocks,USD,AMD,"2024-10-16, 14:33:23",-7,156.655,156.13,1096.585,-1.032151063,-934.472745,161.080105,3.675,C;MLG
Trades,Data,Order,Stocks,USD,AMD,"2024-10-30, 11:56:52",2,150.4699,148.6,-300.9398,-1.000144,301.939944,0,-3.7398,IM;O;P
Trades,SubTotal,,Stocks,USD,AMD,,-0.8997,,,-43.956179,-7.044478543,551.129136,500.128481,10.6963,
Trades,Data,Order,Stocks,USD,AVGO,"2024-03-07, 13:32:26",0.3385,1396.72,1407.01,-472.78972,-1,473.78972,0,3.4832,O;RP
Trades,Data,Order,Stocks,USD,AVGO,"2024-10-09, 10:08:23",4,179.33,185.95,-717.32,-1.000288,718.320288,0,26.48,O;P
Trades,Data,Order,Stocks,USD,AVGO,"2024-10-11, 09:37:20",1,179.4,181.48,-179.4,-1.000072,180.400072,0,2.08,O
Trades,Data,Order,Stocks,USD,AVGO,"2024-10-30, 11:59:35",1,177.959,176.64,-177.959,-1.000072,178.959072,0,-1.319,O
Trades,Data,Order,Stocks,USD,AVGO,"2024-12-06, 09:31:46",-4,170.54,179.53,682.16,-1.019916048,-354.145082,326.995002,-35.96,C;MLG
Trades,Data,Order,Stocks,USD,AVGO,"2024-12-16, 15:12:44",1,249.4,250,-249.4,-1.000072,250.400072,0,0.6,O
Trades,SubTotal,,Stocks,USD,AVGO,,3.3385,,,-1114.70872,-6.020420048,1447.724142,326.995002,-4.6358,
Trades,Data,Order,Stocks,USD,BWA,"2024-03-07, 13:38:38",-3,32.4813,32.28,97.4439,-0.975716551,-127.48548,-31.017297,0.6039,C;MLG
Trades,Data,Order,Stocks,USD,BWA,"2024-03-18, 10:49:47",-2.1315,32.364691532,32.07,68.98534,-0.690759112,-99.041007,-30.746426,0.6281,C;FPA;MLG;P
Trades,SubTotal,,Stocks,USD,BWA,,-5.1315,,,166.42924,-1.666475663,-226.526487,-61.763723,1.232,
Trades,Data,Order,Stocks,USD,CAT,"2024-11-07, 12:45:07",1,409.8595,408.21,-409.8595,-1.000072,410.859572,0,-1.6495,IA;O
Trades,Data,Order,Stocks,USD,CAT,"2024-11-14, 09:38:44",-1,388.15,387.36,388.15,-1.01102857,-410.859572,-23.720601,0.79,C;MLG
Trades,SubTotal,,Stocks,USD,CAT,,0,,,-21.7095,-2.01110057,0,-23.720601,-0.8595,
Trades,Data,Order,Stocks,USD,CHPT,"2024-03-07, 13:27:49",-22.4315,1.974903818,1.95,44.300055,-0.447078579,-159.600122,-115.747146,0.5586,C;FPA;MLG;P
Trades,SubTotal,,Stocks,USD,CHPT,,-22.4315,,,44.300055,-0.447078579,-159.600122,-115.747146,0.5586,
Trades,Data,Order,Stocks,USD,CLSK,"2024-12-03, 09:46:19",35,13.195,13.95,-461.825,-1.00168,462.82668,0,26.425,O
Trades,Data,Order,Stocks,USD,CLSK,"2024-12-06, 09:38:25",16,14.345,14.97,-229.52,-1.001152,230.521152,0,10,O;P
Trades,Data,Order,Stocks,USD,CLSK,"2024-12-13, 11:37:52",-51,12.382294118,12.02,631.497,-1.029693617,-693.347832,-62.880526,18.477,C;IM;MLG;P
Trades,SubTotal,,Stocks,USD,CLSK,,0,,,-59.848,-3.032525617,0,-62.880526,54.902,
Trades,Data,Order,Stocks,USD,COIN,"2024-03-07, 13:33:16",1,240.66,242.62,-240.66,-1,241.66,0,1.96,O
Trades,Data,Order,Stocks,USD,COIN,"2024-03-28, 12:17:54",1,265.05,265.12,-265.05,-1,266.05,0,0.07,O
Trades,Data,Order,Stocks,USD,COIN,"2024-08-29, 10:49:10",2,195.3025,188.28,-390.605,-1,391.605,0,-14.045,IM;O;P
Trades,Data,Order,Stocks,USD,COIN,"2024-10-04, 13:18:38",5,169.15,170.91,-845.75,-1.00036,846.75036,0,8.8,O
Trades,SubTotal,,Stocks,USD,COIN,,9,,,-1742.065,-4.00036,1746.06536,0,-3.215,
Trades,Data,Order,Stocks,USD,CRM,"2024-01-19, 09:54:30",0.8,276.86,280.88,-221.488,-1,222.488,0,3.216,FP;O
Trades,Data,Order,Stocks,USD,CRM,"2024-02-12, 13:00:01",1,289.715,287.32,-289.715,-1,290.715,0,-2.395,O
Trades,Data,Order,Stocks,USD,CRM,"2024-05-30, 10:48:08",-1.8,216.700277778,218.01,390.0605,-1.011142482,-395.892,-6.842642,-2.3575,C;FPA;IM;MLG;P
Trades,Data,Order,Stocks,USD,CRM,"2024-08-26, 13:20:38",-3,265.356666667,265.28,796.07,-1.022628746,-783.146,11.90137,0.23,C;MLG;P
Trades,SubTotal,,Stocks,USD,CRM,,-3,,,674.9275,-4.033771228,-665.835,5.058728,-1.3065,
Trades,Data,Order,Stocks,USD,CRWD,"2024-02-12, 11:25:18",1,326.44,321.29,-326.44,-1,327.44,0,-5.15,O
Trades,Data,Order,Stocks,USD,CRWD,"2024-08-26, 13:20:07",-1,268.04,265.87,268.04,-1.007617512,-327.44,-60.407618,2.17,C;MLG
Trades,Data,Order,Stocks,USD,CRWD,"2024-09-25, 11:20:08",5,287.9,286.47,-1439.5,-1.00026,1440.50026,0,-7.15,O
Trades,Data,Order,Stocks,USD,CRWD,"2024-10-08, 15:30:57",4,294.81,293.01,-1179.24,-1.000288,1180.240288,0,-7.2,O;P
Trades,Data,Order,Stocks,USD,CRWD,"2024-12-03, 09:43:45",-2,347.775,349.95,695.55,-1.01981229,-576.20007,118.330118,-4.35,C;MLG;P
Trades,Data,Order,Stocks,USD,CRWD,"2024-12-06, 09:32:54",-2,364.19,365.65,728.38,-1.020724964,-576.20007,151.159205,-2.92,C;MLG
Trades,SubTotal,,Stocks,USD,CRWD,,5,,,-1253.21,-6.048702766,1468.340408,209.081705,-24.6,
Trades,Data,Order,Stocks,USD,CTSH,"2024-03-20, 11:47:17",-1.5676,74.246379178,75.15,116.388624,-1.001191331,-100.99658,14.390852,-1.4165,C;FPA;MLG;P
Trades,SubTotal,,Stocks,USD,CTSH,,-1.5676,,,116.388624,-1.001191331,-100.99658,14.390852,-1.4165,
Trades,Data,Order,Stocks,USD,EPR,"2024-02-06, 14:57:00",4,43.09,42.93,-172.36,-1,173.36,0,-0.64,O
Trades,Data,Order,Stocks,USD,EPR,"2024-10-08, 11:32:27",-4,47.605,47.7,190.42,-1.006245676,-171.003127,18.410627,-0.38,C;MLG
Trades,SubTotal,,Stocks,USD,EPR,,0,,,18.06,-2.006245676,2.356873,18.410627,-1.02,
Trades,Data,Order,Stocks,USD,FTNT,"2024-02-12, 11:25:47",4,70.398,70.26,-281.592,-1,282.592,0,-0.552,O
Trades,Data,Order,Stocks,USD,FTNT,"2024-04-22, 09:37:33",-4,63.413,63.69,253.652,-1.002693216,-282.592,-29.942693,-1.108,C;MLG
Trades,SubTotal,,Stocks,USD,FTNT,,0,,,-27.94,-2.002693216,0,-29.942693,-1.66,
Trades,Data,Order,Stocks,USD,GOOGL,"2024-01-24, 11:23:44",2,149.1572,148.7,-298.3144,-1,299.3144,0,-0.9144,O
Trades,Data,Order,Stocks,USD,GOOGL,"2024-03-07, 13:37:31",2,134.63,134.38,-269.26,-1,270.26,0,-0.5,O
Trades,Data,Order,Stocks,USD,GOOGL,"2024-08-26, 13:29:54",2,166.06,166.16,-332.12,-1,333.12,0,0.2,O
Trades,Data,Order,Stocks,USD,GOOGL,"2024-12-06, 09:35:52",-2,172.5,174.71,345,-1.010067,-238.36698,105.622954,-4.42,C;MLG
Trades,Data,Order,Stocks,USD,GOOGL,"2024-12-16, 15:11:22",2,198.06,196.66,-396.12,-1.000096,397.120096,0,-2.8,O
Trades,SubTotal,,Stocks,USD,GOOGL,,6,,,-950.8144,-5.010163,1061.447516,105.622954,-8.4344,
Trades,Data,Order,Stocks,USD,HUBS,"2024-04-22, 09:42:35",-1,632.655,633.04,632.655,-1.00522724,-557.49,74.159773,-0.385,C;MLG
Trades,Data,Order,Stocks,USD,HUBS,"2024-07-15, 14:59:28",-1,472.91,471.89,472.91,-1.013312898,-557.49,-85.593313,1.02,C;MLG
Trades,Data,Order,Stocks,USD,HUBS,"2024-08-26, 13:17:26",-1,497.81,499.1,497.81,-1.014005118,-573.59,-76.794005,-1.29,C;MLG
Trades,SubTotal,,Stocks,USD,HUBS,,-3,,,1603.375,-3.032545256,-1688.57,-88.227545,-0.655,
Trades,Data,Order,Stocks,USD,IFNNY,"2024-02-20, 09:30:00",-4.7271,35.24,35.4,166.583004,-1.002117363,-188.272253,-22.691367,-0.7563,C;FPA;P
Trades,Data,Order,Stocks,USD,IFNNY,"2024-03-18, 10:46:40",-5,34.84,34.84,174.2,-1.0022236,-213.72227,-40.524494,0,C;MLG
Trades,SubTotal,,Stocks,USD,IFNNY,,-9.7271,,,340.783004,-2.004340963,-401.994523,-63.215861,-0.7563,
Trades,Data,Order,Stocks,USD,INTU,"2024-03-07, 13:34:49",0.5,653.59,649.34,-326.795,-1,327.795,0,-2.125,O;RP
Trades,Data,Order,Stocks,USD,INTU,"2024-04-22, 09:37:09",-0.5,606.77,609.77,303.385,-1.00251008,-327.795,-25.41251,-1.5,C;FP;MLG
Trades,SubTotal,,Stocks,USD,INTU,,0,,,-23.41,-2.00251008,0,-25.41251,-3.625,
Trades,Data,Order,Stocks,USD,IWQU,"2024-02-01, 08:45:01",10,60.36,60.45,-603.6,-4,607.6,0,0.9,IA;O
Trades,Data,Order,Stocks,USD,IWQU,"2024-10-09, 10:07:51",-4,70.8075,71.03,283.23,-4,-243.04,36.19,-0.89,C;MLG
Trades,Data,Order,Stocks,USD,IWQU,"2024-10-22, 10:55:00",-6,71.05,71.06,426.3,-4,-364.56,57.74,-0.06,C;MLG
Trades,SubTotal,,Stocks,USD,IWQU,,0,,,105.93,-12,0,93.93,-0.05,
Trades,Data,Order,Stocks,USD,KLAC,"2024-01-24, 11:22:09",0.5,643.9,638.45,-321.95,-1,322.95,0,-2.725,FP;O
Trades,Data,Order,Stocks,USD,KLAC,"2024-04-22, 09:37:54",-1,627.66,633.64,627.66,-1.00518728,-492.275082,134.379731,-5.98,C;MLG
Trades,Data,Order,Stocks,USD,KLAC,"2024-07-24, 13:17:31",-0.5,771.31,755.77,385.655,-1.010804209,-322.95,61.694196,7.77,C;FP;MLG
Trades,SubTotal,,Stocks,USD,KLAC,,-1,,,691.365,-3.015991489,-492.275082,196.073927,-0.935,
Trades,Data,Order,Stocks,USD,MARA,"2024-07-24, 13:19:25",15,21.235,20.67,-318.525,-1,319.525,0,-8.475,O;P
Trades,Data,Order,Stocks,USD,MARA,"2024-10-18, 11:19:07",-15,18.555,18.88,278.325,-1.011307435,-319.525,-42.211307,-4.875,C;MLG
Trades,SubTotal,,Stocks,USD,MARA,,0,,,-40.2,-2.011307435,0,-42.211307,-13.35,
Trades,Data,Order,Stocks,USD,MSFT,"2024-01-19, 09:30:01",1,395.5,398.67,-395.5,-1,396.5,0,3.17,O
Trades,Data,Order,Stocks,USD,MSFT,"2024-01-24, 11:21:07",1,402.805,402.56,-402.805,-1,403.805,0,-0.245,O
Trades,Data,Order,Stocks,USD,MSFT,"2024-10-09, 10:06:37",-1,416.73,417.46,416.73,-1.011823094,-396.5,19.218177,-0.73,C;IA;MLG
Trades,Data,Order,Stocks,USD,MSFT,"2024-10-22, 10:54:20",-1,427.715,427.51,427.715,-1.012128477,-403.805,22.897872,0.205,C;MLG
Trades,SubTotal,,Stocks,USD,MSFT,,0,,,46.14,-4.023951571,0,42.116049,2.4,
Trades,Data,Order,Stocks,USD,MU,"2024-10-17, 11:49:13",4,112.419,112.05,-449.676,-1.000288,450.676288,0,-1.476,O
Trades,Data,Order,Stocks,USD,MU,"2024-11-07, 12:43:30",-4,113.69,113.41,454.76,-1.013594328,-450.676288,3.070118,1.12,C;MLG
Trades,SubTotal,,Stocks,USD,MU,,0,,,5.084,-2.013882328,0,3.070118,-0.356,
Trades,Data,Order,Stocks,USD,NLCP,"2024-10-25, 10:28:10",10,19.6,19.65,-196,-1.0000072,197.0000072,0,0.5,O
Trades,Data,Order,Stocks,USD,NLCP,"2024-12-06, 09:34:12",-10,18.97,19,189.7,-1.00694086,-197.000007,-8.306948,-0.3,C;MLG
Trades,SubTotal,,Stocks,USD,NLCP,,0,,,-6.3,-2.00694806,0.0000002,-8.306948,0.2,
Trades,Data,Order,Stocks,USD,NNN,"2024-02-06, 14:53:59",5,40.135,40.22,-200.675,-1,201.675,0,0.425,O
Trades,Data,Order,Stocks,USD,NNN,"2024-02-06, 14:55:50",5,40.158,40.22,-200.79,-1,201.79,0,0.31,O
Trades,Data,Order,Stocks,USD,NNN,"2024-10-08, 11:31:53",-10,47.655,47.64,476.55,-1.01562809,-403.44749,72.086882,0.15,C;MLG
Trades,SubTotal,,Stocks,USD,NNN,,0,,,75.085,-3.01562809,0.01751,72.086882,0.885,
Trades,Data,Order,Stocks,USD,NVDA,"2024-01-17, 10:24:27",0.5,553.255,560.53,-276.6275,-1,277.6275,0,3.6375,O;RP
Trades,Data,Order,Stocks,USD,NVDA,"2024-01-24, 11:25:06",0.5,616.63,613.62,-308.315,-1,309.315,0,-1.505,O;RP
Trades,Data,Order,Stocks,USD,NVDA,"2024-03-07, 13:36:05",0.3,918.7,926.69,-275.61,-1,276.61,0,2.397,O;RP
Trades,Data,Order,Stocks,USD,NVDA,"2024-04-22, 09:40:54",-2.8,781.407142857,795.18,2187.94,-1.01796832,-1297.496,889.426031,-38.564,C;FPA;MLG;P
Trades,Data,Order,Stocks,USD,NVDA,"2024-05-30, 09:55:56",0.5,1153.8,1105,-576.9,-1,577.9,0,-24.4,FP;O
Trades,Data,Order,Stocks,USD,NVDA,"2024-06-18, 09:30:01",7,131.24,135.58,-918.68,-1,919.68,0,30.38,O
Trades,Data,Order,Stocks,USD,NVDA,"2024-06-18, 09:30:01",7,131.24,135.58,-918.68,-1,919.68,0,30.38,O
Trades,Data,Order,Stocks,USD,NVDA,"2024-06-18, 09:30:01",7,131.24,135.58,-918.68,-1,919.68,0,30.38,O
Trades,Data,Order,Stocks,USD,NVDA,"2024-08-26, 13:41:08",2,126.13,126.46,-252.26,-1,253.26,0,0.66,O
Trades,Data,Order,Stocks,USD,NVDA,"2024-10-09, 10:14:28",1,133.33,132.65,-133.33,-1.000072,134.330072,0,-0.68,O
Trades,Data,Order,Stocks,USD,NVDA,"2024-11-14, 09:42:54",6,146.69,146.76,-880.14,-1.000432,881.140432,0,0.42,O
Trades,Data,Order,Stocks,USD,NVDA,"2024-12-03, 09:49:38",2,139.58965,140.26,-279.1793,-1.00012,280.17942,0,1.3407,IM;O;P
Trades,SubTotal,,Stocks,USD,NVDA,,31,,,-3550.4618,-12.01859232,4451.906424,889.426031,34.4462,
Trades,Data,Order,Stocks,USD,PLTR,"2024-01-17, 10:25:38",40,16.22,16.39,-648.8,-1,649.8,0,6.8,O
Trades,Data,Order,Stocks,USD,PLTR,"2024-01-24, 11:15:37",30,17.3,16.75,-519,-1,520,0,-16.5,O
Trades,Data,Order,Stocks,USD,PLTR,"2024-02-07, 09:30:01",-50,21.65,23.6,1082.5,-1.01696,-892.966563,188.516478,-97.5,C;P
Trades,Data,Order,Stocks,USD,PLTR,"2024-02-16, 09:58:52",15,24.655,24.44,-369.825,-1,370.825,0,-3.225,O
Trades,Data,Order,Stocks,USD,PLTR,"2024-02-20, 14:39:19",15,23.295,23.4,-349.425,-1,350.425,0,1.575,O
Trades,Data,Order,Stocks,USD,PLTR,"2024-02-22, 09:36:22",10,23.1,23.59,-231,-1,232,0,4.9,O
Trades,Data,Order,Stocks,USD,PLTR,"2024-03-07, 13:35:16",10,26.865,26.46,-268.65,-1,269.65,0,-4.05,O
Trades,Data,Order,Stocks,USD,PLTR,"2024-03-28, 12:16:37",20,23.145,23.01,-462.9,-1,463.9,0,-2.7,O
Trades,Data,Order,Stocks,USD,PLTR,"2024-04-22, 09:41:13",-70,20.675,20.97,1447.25,-1.023198,-1082.65,363.576802,-20.65,C;MLG
Trades,Data,Order,Stocks,USD,PLTR,"2024-05-06, 11:25:17",60,24.71,25.21,-1482.6,-1,1483.6,0,30,O
Trades,Data,Order,Stocks,USD,PLTR,"2024-05-10, 10:55:44",50,20.81,20.6,-1040.5,-1,1041.5,0,-10.5,O
Trades,Data,Order,Stocks,USD,PLTR,"2024-07-24, 13:20:52",5,27.1495,26.6,-135.7475,-1,136.7475,0,-2.7475,IA;O
Trades,Data,Order,Stocks,USD,PLTR,"2024-10-09, 10:25:01",1,42.6095,43.13,-42.6095,-0.426167,43.035667,0,0.5205,IA;O
Trades,Data,Order,Stocks,USD,PLTR,"2024-10-22, 11:08:24",10,42.915,42.94,-429.15,-1.00072,430.15072,0,0.25,O;P
Trades,Data,Order,Stocks,USD,PLTR,"2024-12-03, 09:44:33",4,69.32,70.96,-277.28,-1.000288,278.280288,0,6.56,O;P
Trades,SubTotal,,Stocks,USD,PLTR,,150,,,-3727.737,-14.467333,4294.297612,552.09328,-107.267,
Trades,Data,Order,Stocks,USD,PYPL,"2024-02-06, 15:00:23",5,63.429,63.71,-317.145,-1,318.145,0,1.405,O
Trades,Data,Order,Stocks,USD,PYPL,"2024-02-22, 09:38:47",3,57.845,58.35,-173.535,-1,174.535,0,1.515,O
Trades,Data,Order,Stocks,USD,PYPL,"2024-05-30, 10:49:10",7,62.6895,62.51,-438.8265,-1,439.8265,0,-1.2565,IA;O
Trades,Data,Order,Stocks,USD,PYPL,"2024-06-18, 11:12:33",1,59.79,59.12,-59.79,-0.5979,60.3879,0,-0.67,O
Trades,Data,Order,Stocks,USD,PYPL,"2024-10-09, 10:07:24",-4,81.85,81.65,327.4,-1.01005372,-230.856667,95.533279,0.8,C;IM;MLG;P
Trades,Data,Order,Stocks,USD,PYPL,"2024-10-22, 11:12:18",1,80.715,80.91,-80.715,-0.807222,81.522222,0,0.195,O
Trades,Data,Order,Stocks,USD,PYPL,"2024-10-30, 12:00:44",1,79.4,78.22,-79.4,-0.794072,80.194072,0,-1.18,O
Trades,Data,Order,Stocks,USD,PYPL,"2024-12-13, 11:39:19",4,90.81,91.02,-363.24,-1.000288,364.240288,0,0.84,IM;O;P
Trades,SubTotal,,Stocks,USD,PYPL,,18,,,-1185.2515,-7.20953572,1287.994315,95.533279,1.6485,
Trades,Data,Order,Stocks,USD,QCOM,"2024-01-24, 11:22:36",3,154.765,154.37,-464.295,-1,465.295,0,-1.185,O
Trades,Data,Order,Stocks,USD,QCOM,"2024-06-18, 11:10:03",1,228.1,227.09,-228.1,-1,229.1,0,-1.01,O
Trades,Data,Order,Stocks,USD,QCOM,"2024-07-15, 15:00:50",1,207.52,208.18,-207.52,-1,208.52,0,0.66,O
Trades,Data,Order,Stocks,USD,QCOM,"2024-08-26, 13:23:05",2,169.6,169.49,-339.2,-1,340.2,0,-0.22,O
Trades,Data,Order,Stocks,USD,QCOM,"2024-10-08, 15:29:05",7,165.66,166.34,-1159.62,-1.000504,1160.620504,0,4.76,O
Trades,Data,Order,Stocks,USD,QCOM,"2024-10-18, 11:23:07",2,170.22,170.92,-340.44,-1.00012,341.44012,0,1.4,O;P
Trades,Data,Order,Stocks,USD,QCOM,"2024-11-14, 09:40:00",-7,162.37,163.97,1136.59,-1.033263202,-887.619373,247.937363,-11.2,C;IM;MLG;P
Trades,Data,Order,Stocks,USD,QCOM,"2024-12-03, 09:30:00",-6,161.45,162.58,968.7,-1.02821386,-973.408384,-5.736597,-6.78,C;MLG
Trades,SubTotal,,Stocks,USD,QCOM,,3,,,-633.885,-8.062101062,884.147867,242.200766,-13.575,
Trades,Data,Order,Stocks,USD,RGTI,"2024-12-16, 15:14:37",50,9.025,8.43,-451.25,-1.0036,452.2536,0,-29.75,O
Trades,Data,Order,Stocks,USD,RGTI,"2024-12-18, 11:42:01",10,11.155,10.69,-111.55,-1.00072,112.55072,0,-4.65,O
Trades,SubTotal,,Stocks,USD,RGTI,,60,,,-562.8,-2.00432,564.80432,0,-34.4,
Trades,Data,Order,Stocks,USD,SAP,"2024-12-06, 09:34:46",2,255.22,254.14,-510.44,-1.000144,511.440144,0,-2.16,O
Trades,Data,Order,Stocks,USD,SAP,"2024-12-13, 11:38:45",1,252.56,253.3,-252.56,-1.000072,253.560072,0,0.74,O
Trades,Data,Order,Stocks,USD,SAP,"2024-12-16, 15:11:48",2,252.975,252.96,-505.95,-1.000144,506.950144,0,-0.03,O;P
Trades,SubTotal,,Stocks,USD,SAP,,5,,,-1268.95,-3.00036,1271.95036,0,-1.45,
Trades,Data,Order,Stocks,USD,SNAP,"2024-01-24, 11:23:16",10,16.48,16.32,-164.8,-1,165.8,0,-1.6,O;P
Trades,Data,Order,Stocks,USD,SNAP,"2024-02-06, 15:02:52",38,17.33,17.45,-658.54,-1,659.54,0,4.56,O
Trades,Data,Order,Stocks,USD,SNAP,"2024-02-07, 11:11:13",-50,11.46,11.41,573,-1.012884,-517.158,54.829116,2.5,C
Trades,Data,Order,Stocks,USD,SNAP,"2024-04-22, 09:51:13",-40,11.415,11.14,456.6,-1.0102928,-471.660667,-16.070959,11,C;MLG
Trades,Data,Order,Stocks,USD,SNAP,"2024-06-18, 11:11:52",10,15.9595,15.8,-159.595,-1,160.595,0,-1.595,IA;O
Trades,Data,Order,Stocks,USD,SNAP,"2024-10-30, 11:56:21",-25,12.635,12.62,315.875,-1.014731325,-416.92,-102.059731,0.375,C;MLG;P
Trades,Data,Order,Stocks,USD,SNAP,"2024-11-07, 12:43:08",-51,12.290343137,12.48,626.8075,-1.029563248,-881.688334,-255.910397,-9.6725,C;IM;MLG;P
Trades,SubTotal,,Stocks,USD,SNAP,,-108,,,989.3475,-7.067471373,-1301.492001,-319.211971,5.5675,
Trades,Data,Order,Stocks,USD,SOFI,"2024-01-19, 09:53:36",40,7.325,7.49,-293,-1,294,0,6.6,O
Trades,Data,Order,Stocks,USD,SOFI,"2024-02-06, 14:59:48",38,7.82,7.8,-297.16,-1,298.16,0,-0.76,O
Trades,Data,Order,Stocks,USD,SOFI,"2024-06-18, 11:11:15",16,6.485,6.42,-103.76,-1,104.76,0,-1.04,O
Trades,Data,Order,Stocks,USD,SOFI,"2024-07-24, 13:22:38",10,7.295,7.1,-72.95,-0.7295,73.6795,0,-1.95,O
Trades,Data,Order,Stocks,USD,SOFI,"2024-09-25, 11:19:07",150,7.827,7.73,-1174.05,-1.0078,1175.0578,0,-14.55,O
Trades,Data,Order,Stocks,USD,SOFI,"2024-10-04, 13:21:00",60,8.27,8.39,-496.2,-1.00432,497.20432,0,7.2,O;P
Trades,Data,Order,Stocks,USD,SOFI,"2024-10-08, 15:24:41",70,8.415,8.41,-589.05,-1.00504,590.05504,0,-0.35,O;P
Trades,Data,Order,Stocks,USD,SOFI,"2024-10-11, 13:44:28",15,8.959066667,9.01,-134.386,-1.00108,135.38708,0,0.764,IM;O;P
Trades,Data,Order,Stocks,USD,SOFI,"2024-10-16, 14:34:06",30,9.955,10.04,-298.65,-1.00216,299.65216,0,2.55,O;P
Trades,Data,Order,Stocks,USD,SOFI,"2024-10-18, 11:22:42",20,9.96,10.18,-199.2,-1.00144,200.20144,0,4.4,O;P
Trades,Data,Order,Stocks,USD,SOFI,"2024-10-22, 11:09:37",60,10.45775,10.58,-627.465,-1.00432,628.46932,0,7.335,IM;O;P
Trades,Data,Order,Stocks,USD,SOFI,"2024-10-30, 11:59:08",20,11.335,11.22,-226.7,-1.00144,227.70144,0,-2.3,O
Trades,Data,Order,Stocks,USD,SOFI,"2024-11-14, 09:41:55",50,13.375,13.4,-668.75,-1.0036,669.7536,0,1.25,O;P
Trades,Data,Order,Stocks,USD,SOFI,"2024-11-15, 09:30:00",7,13.2,13.63,-92.4,-0.934836,93.334836,0,3.01,O
Trades,Data,Order,Stocks,USD,SOFI,"2024-11-21, 10:06:48",4,14.745,15.01,-58.98,-0.590088,59.570088,0,1.06,O;P
Trades,Data,Order,Stocks,USD,SOFI,"2024-12-03, 09:41:36",10,16.04,15.88,-160.4,-1.00072,161.40072,0,-1.6,O
Trades,Data,Order,Stocks,USD,SOFI,"2024-12-03, 09:50:07",8,16.108,15.88,-128.864,-1.000576,129.864576,0,-1.824,O
Trades,Data,Order,Stocks,USD,SOFI,"2024-12-06, 09:33:19",40,15.655,16.02,-626.2,-1.00288,627.20288,0,14.6,O;P
Trades,Data,Order,Stocks,USD,SOFI,"2024-12-06, 09:37:33",12,15.375,16.02,-184.5,-1.000864,185.500864,0,7.74,O;P
Trades,Data,Order,Stocks,USD,SOFI,"2024-12-16, 15:10:33",30,16.8277,16.88,-504.831,-1.00216,505.83316,0,1.569,IM;O;P
Trades,Data,Order,Stocks,USD,SOFI,"2024-12-17, 13:00:01",20,16.45,16.66,-329,-1.00144,330.00144,0,4.2,O
Trades,SubTotal,,Stocks,USD,SOFI,,710,,,-7266.496,-20.294264,7286.790264,0,37.904,
Trades,Data,Order,Stocks,USD,SOUN,"2024-12-17, 13:05:13",21.7631,18.379658063,19.39,-399.9983364,-1.001302943,400.999639343,0,21.9882,FPA;IM;O;P;RPA
Trades,SubTotal,,Stocks,USD,SOUN,,21.7631,,,-399.9983364,-1.001302943,400.999639343,0,21.9882,
Trades,Data,Order,Stocks,USD,STM,"2024-02-16, 09:30:01",-22.4696,45.78937302,45.18,1028.868896,-1.011960905,-1037.204697,-9.347762,13.6924,C;FPA;P
Trades,Data,Order,Stocks,USD,STM,"2024-02-21, 12:38:21",-10,44.265,44.62,442.65,-1.0052012,-511.591574,-69.946774,-3.55,C
Trades,Data,Order,Stocks,USD,STM,"2024-03-19, 12:24:35",-5,43.595,43.68,217.975,-1.0025738,-243.129167,-26.15674,-0.425,C;MLG
Trades,Data,Order,Stocks,USD,STM,"2024-08-26, 13:22:13",-5,31.18,31.04,155.9,-1.00516402,-263.403166,-108.50833,0.7,C;MLG
Trades,SubTotal,,Stocks,USD,STM,,-42.4696,,,1845.393896,-4.024899925,-2055.328604,-213.959606,10.4174,
Trades,Data,Order,Stocks,USD,TSLA,"2024-03-28, 12:19:22",2,176.91,175.79,-353.82,-1,354.82,0,-2.24,O
Trades,Data,Order,Stocks,USD,TSLA,"2024-04-22, 09:35:43",-2,140,142.05,280,-1.002572,-354.82,-75.822572,-4.1,C;MLG
Trades,Data,Order,Stocks,USD,TSLA,"2024-07-15, 15:01:24",1,258.0395,252.64,-258.0395,-1,259.0395,0,-5.3995,IA;O
Trades,Data,Order,Stocks,USD,TSLA,"2024-07-24, 13:19:59",2,221.455,215.99,-442.91,-1,443.91,0,-10.93,O;P
Trades,Data,Order,Stocks,USD,TSLA,"2024-08-26, 13:19:38",1,212.9495,213.21,-212.9495,-1,213.9495,0,0.2605,IA;O
Trades,Data,Order,Stocks,USD,TSLA,"2024-10-08, 15:32:52",2,245.01,244.5,-490.02,-1.000144,491.020144,0,-1.02,O
Trades,Data,Order,Stocks,USD,TSLA,"2024-10-23, 09:37:04",2,218.374,213.65,-436.748,-1.000144,437.748144,0,-9.448,O
Trades,Data,Order,Stocks,USD,TSLA,"2024-10-24, 09:42:18",1,249.18,260.48,-249.18,-1.000072,250.180072,0,11.3,O
Trades,Data,Order,Stocks,USD,TSLA,"2024-11-07, 12:56:21",2,298.9479,296.91,-597.8958,-1.00012,598.89592,0,-4.0758,O;P
Trades,Data,Order,Stocks,USD,TSLA,"2024-11-19, 13:47:04",1,345.2495,346,-345.2495,-1.000072,346.249572,0,0.7505,IA;O
Trades,Data,Order,Stocks,USD,TSLA,"2024-12-03, 09:49:08",1,354.04,351.42,-354.04,-1.000072,355.040072,0,-2.62,O
Trades,Data,Order,Stocks,USD,TSLA,"2024-12-06, 09:36:35",1,373.97,389.22,-373.97,-1.000072,374.970072,0,15.25,O
Trades,Data,Order,Stocks,USD,TSLA,"2024-12-16, 15:09:06",2,460.54,463.02,-921.08,-1.000096,922.080096,0,4.96,O
Trades,Data,Order,Stocks,USD,TSLA,"2024-12-17, 13:11:22",1,474.9195,479.86,-474.9195,-1.000072,475.919572,0,4.9405,IA;O
Trades,Data,Order,Stocks,USD,TSLA,"2024-12-18, 11:41:22",1,484.34,440.13,-484.34,-1.000072,485.340072,0,-44.21,O
Trades,SubTotal,,Stocks,USD,TSLA,,18,,,-5715.1618,-15.003508,5654.342736,-75.822572,-46.5818,
Trades,Data,Order,Stocks,USD,ZS,"2024-02-06, 15:01:08",1,233.505,234.73,-233.505,-1,234.505,0,1.225,O
Trades,Data,Order,Stocks,USD,ZS,"2024-02-12, 12:59:19",1,255.875,253.86,-255.875,-1,256.875,0,-2.015,O
Trades,Data,Order,Stocks,USD,ZS,"2024-02-21, 12:39:15",1,213.35,213.92,-213.35,-1,214.35,0,0.57,O
Trades,Data,Order,Stocks,USD,ZS,"2024-03-28, 12:17:32",-1,193.13,192.63,193.13,-1.00171104,-155.403333,36.724956,0.5,C;MLG
Trades,Data,Order,Stocks,USD,ZS,"2024-04-22, 09:34:12",-3,169.465,170.97,508.395,-1.00456516,-525.156667,-17.766232,-4.515,C;MLG
Trades,Data,Order,Stocks,USD,ZS,"2024-05-30, 09:54:10",3,160.33,156.65,-480.99,-1,481.99,0,-11.04,O
Trades,Data,Order,Stocks,USD,ZS,"2024-07-24, 13:18:28",-3,184.9605,181.82,554.8815,-1.015923706,-481.99,71.875576,9.4215,C;IA;MLG
Trades,Data,Order,Stocks,USD,ZS,"2024-11-19, 13:42:54",-2,203.0101,204.36,406.0202,-1.011763362,-491.38,-86.371564,-2.6998,C;IM;MLG;P
Trades,SubTotal,,Stocks,USD,ZS,,-3,,,478.7067,-8.033963268,-466.21,4.462736,-8.5533,
Trades,Total,,Stocks,USD,,,,,,-21079.9107164,-189.691227235,23874.151083543,2604.549144,-106.3294, 
Trades,Total,,Stocks,EUR,,,,,,-19392.620736164,-175.853987343,22023.581720419,2455.107000789,-99.534161042, 
Trades,Header,DataDiscriminator,Asset Category,Currency,Symbol,Date/Time,Quantity,T. Price,,Proceeds,Comm in EUR,,,MTM in EUR,Code
Trades,Data,Order,Forex,USD,EUR.USD,"2024-03-07, 13:31:56","-1,598",1.09401,,1748.22798,-1.83504,,,-1.168563,
Trades,Data,Order,Forex,USD,EUR.USD,"2024-07-24, 17:00:00",3.51200008,1.08427549,,-3.807975608,0,,,-0.000896,
Trades,Data,Order,Forex,USD,EUR.USD,"2024-07-25, 17:00:00",0.77446042,1.08462612,,-0.84,0,,,-0.000062,
Trades,Data,Order,Forex,USD,EUR.USD,"2024-08-26, 13:29:54",-0.86,1.1171,,0.960706,0,,,0.000754,AFx
Trades,Data,Order,Forex,USD,EUR.USD,"2024-08-26, 13:41:08",-0.9,1.11685,,1.005165,0,,,0.000588,AFx
Trades,Data,Order,Forex,USD,EUR.USD,"2024-08-26, 17:00:00",-0.00317694,1.11566319,,0.003544396,0,,,-0.000001,
Trades,Data,Order,Forex,USD,EUR.USD,"2024-09-25, 11:14:26","-6,013.85",1.1165,,6714.463525,-1.78898,,,17.484006,
Trades,Data,Order,Forex,USD,EUR.USD,"2024-09-25, 11:19:37",-879.25,1.1159,,981.155075,0,,,2.082358,AFx
Trades,Data,Order,Forex,USD,EUR.USD,"2024-09-25, 11:19:37",879.24,1.1161,,-981.319764,0,,,-2.240291,AFx
Trades,Data,Order,Forex,USD,EUR.USD,"2024-09-25, 11:20:38","-1,291.11",1.1157,,1440.491427,0,,,2.825829,AFx
Trades,Data,Order,Forex,USD,EUR.USD,"2024-09-25, 11:20:38","1,291.15",1.1159,,-1440.794285,0,,,-3.057874,AFx
Trades,Data,Order,Forex,USD,EUR.USD,"2024-09-25, 17:00:00",0.0035399,1.11358982,,-0.003942,0,,,-0.000001,
Trades,Data,Order,Forex,USD,EUR.USD,"2024-12-06, 09:37:44",-0.03,1.057,,0.03171,0,,,0.000005,AFx
Trades,Data,Order,Forex,USD,EUR.USD,"2024-12-16, 15:09:06",-844.89,1.05055,,887.5991895,0,,,-0.499139,AFx
Trades,Data,Order,Forex,USD,EUR.USD,"2024-12-16, 15:09:06",-0.16,1.05055,,0.168088,0,,,-0.000095,AFx
Trades,Data,Order,Forex,USD,EUR.USD,"2024-12-16, 15:10:33",-481.42,1.049699913,,505.346532,0,,,-0.673737,AFx;P
Trades,Data,Order,Forex,USD,EUR.USD,"2024-12-16, 15:10:33",-0.45,1.0496,,0.47232,0,,,-0.000673,AFx
Trades,Data,Order,Forex,USD,EUR.USD,"2024-12-16, 15:11:22",-0.08,1.0506,,0.084048,0,,,-0.000043,AFx
Trades,Data,Order,Forex,USD,EUR.USD,"2024-12-16, 15:11:22",-377.93,1.0506,,397.053258,0,,,-0.205295,AFx
Trades,Data,Order,Forex,USD,EUR.USD,"2024-12-16, 15:11:48",-0.08,1.0506,,0.084048,0,,,-0.000043,AFx
Trades,Data,Order,Forex,USD,EUR.USD,"2024-12-16, 15:11:48",-482.44,1.0506,,506.851464,0,,,-0.262065,AFx
Trades,Data,Order,Forex,USD,EUR.USD,"2024-12-16, 15:12:44",-0.02,1.0505,,0.02101,0,,,-0.000013,AFx
Trades,Data,Order,Forex,USD,EUR.USD,"2024-12-16, 15:12:44",-238.34,1.0505,,250.37617,0,,,-0.152142,AFx
Trades,Data,Order,Forex,USD,EUR.USD,"2024-12-16, 15:14:37",-430.45,1.0505,,452.187725,0,,,-0.274773,AFx
Trades,Data,Order,Forex,USD,EUR.USD,"2024-12-16, 15:14:37",-0.08,1.0505,,0.08404,0,,,-0.000051,AFx
Trades,Data,Order,Forex,USD,EUR.USD,"2024-12-16, 17:00:00",0.00764365,1.05147635,,-0.008037116,0,,,-0.000002,
Trades,Data,Order,Forex,USD,EUR.USD,"2024-12-17, 13:00:01",-0.96,1.0495,,1.00752,0,,,0.000338,AFx
Trades,Data,Order,Forex,USD,EUR.USD,"2024-12-17, 13:00:02",-0.03,1.0495,,0.031485,0,,,0.000011,AFx
Trades,Data,Order,Forex,USD,EUR.USD,"2024-12-17, 13:00:02",-313.44,1.0495,,328.95528,0,,,0.110304,AFx
Trades,Data,Order,Forex,USD,EUR.USD,"2024-12-17, 13:05:13",-381.21,1.0492,,399.965532,0,,,0.025146,AFx
Trades,Data,Order,Forex,USD,EUR.USD,"2024-12-17, 13:05:13",-0.95,1.0492,,0.99674,0,,,0.000063,AFx
Trades,Data,Order,Forex,USD,EUR.USD,"2024-12-17, 13:05:14",-0.04,1.0492,,0.041968,0,,,0.000003,AFx
Trades,Data,Order,Forex,USD,EUR.USD,"2024-12-17, 13:11:23",-0.95,1.0494,,0.99693,0,,,0.000244,AFx
Trades,Data,Order,Forex,USD,EUR.USD,"2024-12-17, 13:11:23",-452.5,1.0494,,474.8535,0,,,0.116111,AFx
Trades,Data,Order,Forex,USD,EUR.USD,"2024-12-17, 13:11:23",-0.08,1.0494,,0.083952,0,,,0.000021,AFx
Trades,Data,Order,Forex,USD,EUR.USD,"2024-12-17, 17:00:00",-0.00154947,1.04870714,,0.001624943,0,,,0,
Trades,Data,Order,Forex,USD,EUR.USD,"2024-12-17, 17:00:00",0.01322748,1.04937564,,-0.013880599,0,,,-0.000004,
Trades,Data,Order,Forex,USD,EUR.USD,"2024-12-18, 11:41:22",-0.05,1.0467,,0.052335,0,,,0.000554,AFx
Trades,Data,Order,Forex,USD,EUR.USD,"2024-12-18, 11:41:22",-0.96,1.0467,,1.004832,0,,,0.010628,AFx
Trades,Data,Order,Forex,USD,EUR.USD,"2024-12-18, 11:41:22",-462.67,1.0467,,484.276689,0,,,5.121911,AFx
Trades,Data,Order,Forex,USD,EUR.USD,"2024-12-18, 11:42:01",-0.95,1.0466,,0.99427,0,,,0.010425,AFx
Trades,Data,Order,Forex,USD,EUR.USD,"2024-12-18, 11:42:01",-106.58,1.0466,,111.546628,0,,,1.169581,AFx
Trades,Data,Order,Forex,USD,EUR.USD,"2024-12-18, 11:42:02",-0.01,1.0466,,0.010466,0,,,0.00011,AFx
Trades,Data,Order,Forex,USD,EUR.USD,"2024-12-18, 17:00:00",-0.00375127,1.03484947,,0.003882,0,,,-0.000001,
Trades,Data,Order,Forex,USD,EUR.USD,"2024-12-18, 17:00:00",-0.00163315,1.03480949,,0.001689999,0,,,-0.000001,
Trades,SubTotal,,Forex,USD,EUR.USD,,-12187.0292393,,,13264.704464515,-3.62402,,,20.423225,
Trades,Total,,Forex,USD,,,,,,13264.704464515,-3.62402,,,20.423225, 
Trades,Total,,Forex,EUR,,,,,,12207.452459805,-3.62402,,,20.423225, 
Corporate Actions,Header,Asset Category,Currency,Report Date,Date/Time,Description,Quantity,Proceeds,Value,Realized P/L,Code
Corporate Actions,Data,Stocks,USD,2024-06-10,"2024-06-07, 20:25:00","NVDA(US67066G1040) Split 10 for 1 (NVDA, NVIDIA CORP, US67066G1040)",27,0,0,0,
Corporate Actions,Data,Stocks,USD,2024-07-15,"2024-07-12, 20:25:00","AVGO(US11135F1012) Split 10 for 1 (AVGO, BROADCOM INC, US11135F1012)",9,0,0,0,
Corporate Actions,Data,Total,,,,,,0,0,0,
Corporate Actions,Data,Total in EUR,,,,,,0,0,0,
Deposits & Withdrawals,Header,Currency,Settle Date,Description,Amount
Deposits & Withdrawals,Data,EUR,2024-03-06,Electronic Fund Transfer,1600
Deposits & Withdrawals,Data,EUR,2024-09-25,Electronic Fund Transfer,6000
Deposits & Withdrawals,Data,EUR,2024-12-16,Electronic Fund Transfer,6000
Deposits & Withdrawals,Data,Total,,,13600
Deposits & Withdrawals,Data,USD,2024-01-23,Electronic Fund Transfer,5582.69
Deposits & Withdrawals,Data,USD,2024-12-18,Commission Adjustment (Consolidated Audit Trail Fee Refund),0.01
Deposits & Withdrawals,Data,Total,,,5582.7
Deposits & Withdrawals,Data,Total in EUR,,,5143.3419468
Deposits & Withdrawals,Data,Total Deposits & Withdrawals in EUR,,,18743.3419468
Fees,Header,Subtitle,Currency,Date,Description,Amount
Fees,Data,Other Fees,USD,2024-03-06,IFNNY(US45662N1037) Cash Dividend USD 0.378735 per Share - FEE,-0.13
Fees,Data,Other Fees,USD,2024-05-28,SAP(US8030542042) Cash Dividend USD 2.391312 per Share - FEE,-0.21
Fees,Data,Total,,,,-0.34
Fees,Data,Total in EUR,,,,-0.3136977
Dividends,Header,Currency,Date,Description,Amount
Dividends,Data,USD,2024-02-15,AAPL(US0378331005) Cash Dividend USD 0.24 per Share (Ordinary Dividend),1.2
Dividends,Data,USD,2024-02-28,CTSH(US1924461023) Cash Dividend USD 0.30 per Share (Ordinary Dividend),0.47
Dividends,Data,USD,2024-03-01,KLAC(US4824801009) Cash Dividend USD 1.45 per Share (Ordinary Dividend),2.18
Dividends,Data,USD,2024-03-06,IFNNY(US45662N1037) Cash Dividend USD 0.378735 per Share (Ordinary Dividend),1.9
Dividends,Data,USD,2024-03-14,MSFT(US5949181045) Cash Dividend USD 0.75 per Share (Ordinary Dividend),1.5
Dividends,Data,USD,2024-03-15,BWA(US0997241064) Cash Dividend USD 0.11 per Share (Ordinary Dividend),0.56
Dividends,Data,USD,2024-03-15,EPR(US26884U1097) Cash Dividend USD 0.275 per Share (Ordinary Dividend),1.1
Dividends,Data,USD,2024-03-21,QCOM(US7475251036) Cash Dividend USD 0.80 per Share (Ordinary Dividend),7.2
Dividends,Data,USD,2024-03-26,STM(US8610121027) Cash Dividend USD 0.06 per Share (Ordinary Dividend),0.6
Dividends,Data,USD,2024-03-27,NVDA(US67066G1040) Cash Dividend USD 0.04 per Share (Ordinary Dividend),0.2
Dividends,Data,USD,2024-04-01,AVGO(US11135F1012) Cash Dividend USD 5.25 per Share (Ordinary Dividend),5.25
Dividends,Data,USD,2024-04-11,CRM(US79466L3024) Cash Dividend USD 0.40 per Share (Ordinary Dividend),1.92
Dividends,Data,USD,2024-04-15,EPR(US26884U1097) Cash Dividend USD 0.285 per Share (Ordinary Dividend),1.14
Dividends,Data,USD,2024-04-18,INTU(US4612021034) Cash Dividend USD 0.90 per Share (Ordinary Dividend),0.45
Dividends,Data,USD,2024-05-15,EPR(US26884U1097) Cash Dividend USD 0.285 per Share (Ordinary Dividend),1.14
Dividends,Data,USD,2024-05-15,NNN(US6374171063) Cash Dividend USD 0.565 per Share (Ordinary Dividend),5.65
Dividends,Data,USD,2024-05-16,AAPL(US0378331005) Cash Dividend USD 0.25 per Share (Ordinary Dividend),1.75
Dividends,Data,USD,2024-05-28,SAP(US8030542042) Cash Dividend USD 2.391312 per Share (Ordinary Dividend),16.73
Dividends,Data,USD,2024-05-31,KLAC(US4824801009) Cash Dividend USD 1.45 per Share (Ordinary Dividend),0.73
Dividends,Data,USD,2024-06-13,MSFT(US5949181045) Cash Dividend USD 0.75 per Share (Ordinary Dividend),1.5
Dividends,Data,USD,2024-06-17,EPR(US26884U1097) Cash Dividend USD 0.285 per Share (Ordinary Dividend),1.14
Dividends,Data,USD,2024-06-17,GOOGL(US02079K3059) Cash Dividend USD 0.20 per Share (Ordinary Dividend),3
Dividends,Data,USD,2024-06-20,QCOM(US7475251036) Cash Dividend USD 0.85 per Share (Ordinary Dividend),7.65
Dividends,Data,USD,2024-06-28,AVGO(US11135F1012) Cash Dividend USD 5.25 per Share (Ordinary Dividend),5.25
Dividends,Data,USD,2024-06-28,NVDA(US67066G1040) Cash Dividend USD 0.01 per Share (Ordinary Dividend),0.3
Dividends,Data,USD,2024-07-02,STM(US8610121027) Cash Dividend USD 0.09 per Share (Ordinary Dividend),0.45
Dividends,Data,USD,2024-07-03,STM(US8610121027) Cash Dividend USD 0.09 per Share (Ordinary Dividend),0.45
Dividends,Data,USD,2024-07-03,STM(US8610121027) Cash Dividend USD 0.09 per Share - Reversal (Ordinary Dividend),-0.45
Dividends,Data,USD,2024-07-15,EPR(US26884U1097) Cash Dividend USD 0.285 per Share (Ordinary Dividend),1.14
Dividends,Data,USD,2024-07-25,CRM(US79466L3024) Cash Dividend USD 0.40 per Share (Ordinary Dividend),1.2
Dividends,Data,USD,2024-08-15,AAPL(US0378331005) Cash Dividend USD 0.25 per Share (Ordinary Dividend),1.75
Dividends,Data,USD,2024-08-15,EPR(US26884U1097) Cash Dividend USD 0.285 per Share (Ordinary Dividend),1.14
Dividends,Data,USD,2024-08-15,NNN(US6374171063) Cash Dividend USD 0.58 per Share (Ordinary Dividend),5.8
Dividends,Data,USD,2024-09-12,MSFT(US5949181045) Cash Dividend USD 0.75 per Share (Ordinary Dividend),1.5
Dividends,Data,USD,2024-09-16,EPR(US26884U1097) Cash Dividend USD 0.285 per Share (Ordinary Dividend),1.14
Dividends,Data,USD,2024-09-16,GOOGL(US02079K3059) Cash Dividend USD 0.20 per Share (Ordinary Dividend),3.4
Dividends,Data,USD,2024-09-26,QCOM(US7475251036) Cash Dividend USD 0.85 per Share (Ordinary Dividend),11.05
Dividends,Data,USD,2024-09-30,AVGO(US11135F1012) Cash Dividend USD 0.53 per Share (Ordinary Dividend),5.3
Dividends,Data,USD,2024-10-03,NVDA(US67066G1040) Cash Dividend USD 0.01 per Share (Ordinary Dividend),0.53
Dividends,Data,USD,2024-10-15,EPR(US26884U1097) Cash Dividend USD 0.285 per Share (Ordinary Dividend),1.14
Dividends,Data,USD,2024-12-16,GOOGL(US02079K3059) Cash Dividend USD 0.20 per Share (Ordinary Dividend),3
Dividends,Data,USD,2024-12-19,QCOM(US7475251036) Cash Dividend USD 0.85 per Share (Ordinary Dividend),7.65
Dividends,Data,USD,2024-12-27,NVDA(US67066G1040) Cash Dividend USD 0.01 per Share (Ordinary Dividend),0.62
Dividends,Data,USD,2024-12-31,AVGO(US11135F1012) Cash Dividend USD 0.59 per Share (Ordinary Dividend),7.67
Dividends,Data,Total,,,124.99
Dividends,Data,Total in EUR,,,115.6742621
Withholding Tax,Header,Currency,Date,Description,Amount,Code
Withholding Tax,Data,USD,2024-02-15,AAPL(US0378331005) Cash Dividend USD 0.24 per Share - US Tax,-0.36,
Withholding Tax,Data,USD,2024-02-28,CTSH(US1924461023) Cash Dividend USD 0.30 per Share - US Tax,-0.14,
Withholding Tax,Data,USD,2024-03-01,KLAC(US4824801009) Cash Dividend USD 1.45 per Share - US Tax,-0.65,
Withholding Tax,Data,USD,2024-03-06,IFNNY(US45662N1037) Cash Dividend USD 0.378735 per Share - DE Tax,-0.5,
Withholding Tax,Data,USD,2024-03-14,MSFT(US5949181045) Cash Dividend USD 0.75 per Share - US Tax,-0.45,
Withholding Tax,Data,USD,2024-03-15,BWA(US0997241064) Cash Dividend USD 0.11 per Share - US Tax,-0.17,
Withholding Tax,Data,USD,2024-03-15,EPR(US26884U1097) Cash Dividend USD 0.275 per Share - US Tax,-0.33,
Withholding Tax,Data,USD,2024-03-21,QCOM(US7475251036) Cash Dividend USD 0.80 per Share - US Tax,-2.16,
Withholding Tax,Data,USD,2024-03-26,STM(US8610121027) Cash Dividend USD 0.06 per Share - NL Tax,-0.09,
Withholding Tax,Data,USD,2024-03-27,NVDA(US67066G1040) Cash Dividend USD 0.04 per Share - US Tax,-0.06,
Withholding Tax,Data,USD,2024-04-01,AVGO(US11135F1012) Cash Dividend USD 5.25 per Share - US Tax,-1.58,
Withholding Tax,Data,USD,2024-04-11,CRM(US79466L3024) Cash Dividend USD 0.40 per Share - US Tax,-0.58,
Withholding Tax,Data,USD,2024-04-15,EPR(US26884U1097) Cash Dividend USD 0.285 per Share - US Tax,-0.34,
Withholding Tax,Data,USD,2024-04-18,INTU(US4612021034) Cash Dividend USD 0.90 per Share - US Tax,-0.14,
Withholding Tax,Data,USD,2024-05-15,EPR(US26884U1097) Cash Dividend USD 0.285 per Share - US Tax,-0.34,
Withholding Tax,Data,USD,2024-05-15,NNN(US6374171063) Cash Dividend USD 0.565 per Share - US Tax,-1.7,
Withholding Tax,Data,USD,2024-05-16,AAPL(US0378331005) Cash Dividend USD 0.25 per Share - US Tax,-0.53,
Withholding Tax,Data,USD,2024-05-28,SAP(US8030542042) Cash Dividend USD 2.391312 per Share - DE Tax,-4.41,
Withholding Tax,Data,USD,2024-05-31,KLAC(US4824801009) Cash Dividend USD 1.45 per Share - US Tax,-0.22,
Withholding Tax,Data,USD,2024-06-13,MSFT(US5949181045) Cash Dividend USD 0.75 per Share - US Tax,-0.45,
Withholding Tax,Data,USD,2024-06-17,EPR(US26884U1097) Cash Dividend USD 0.285 per Share - US Tax,-0.34,
Withholding Tax,Data,USD,2024-06-17,GOOGL(US02079K3059) Cash Dividend USD 0.20 per Share - US Tax,-0.9,
Withholding Tax,Data,USD,2024-06-20,QCOM(US7475251036) Cash Dividend USD 0.85 per Share - US Tax,-2.3,
Withholding Tax,Data,USD,2024-06-28,AVGO(US11135F1012) Cash Dividend USD 5.25 per Share - US Tax,-1.58,
Withholding Tax,Data,USD,2024-06-28,NVDA(US67066G1040) Cash Dividend USD 0.01 per Share - US Tax,-0.09,
Withholding Tax,Data,USD,2024-07-02,STM(US8610121027) Cash Dividend USD 0.09 per Share - NL Tax,-0.07,
Withholding Tax,Data,USD,2024-07-03,STM(US8610121027) Cash Dividend USD 0.09 per Share - NL Tax,-0.07,
Withholding Tax,Data,USD,2024-07-03,STM(US8610121027) Cash Dividend USD 0.09 per Share - NL Tax,0.07,
Withholding Tax,Data,USD,2024-07-15,EPR(US26884U1097) Cash Dividend USD 0.285 per Share - US Tax,-0.34,
Withholding Tax,Data,USD,2024-07-25,CRM(US79466L3024) Cash Dividend USD 0.40 per Share - US Tax,-0.36,
Withholding Tax,Data,USD,2024-08-15,AAPL(US0378331005) Cash Dividend USD 0.25 per Share - US Tax,-0.53,
Withholding Tax,Data,USD,2024-08-15,EPR(US26884U1097) Cash Dividend USD 0.285 per Share - US Tax,-0.34,
Withholding Tax,Data,USD,2024-08-15,NNN(US6374171063) Cash Dividend USD 0.58 per Share - US Tax,-1.74,
Withholding Tax,Data,USD,2024-09-12,MSFT(US5949181045) Cash Dividend USD 0.75 per Share - US Tax,-0.45,
Withholding Tax,Data,USD,2024-09-16,EPR(US26884U1097) Cash Dividend USD 0.285 per Share - US Tax,-0.34,
Withholding Tax,Data,USD,2024-09-16,GOOGL(US02079K3059) Cash Dividend USD 0.20 per Share - US Tax,-1.02,
Withholding Tax,Data,USD,2024-09-26,QCOM(US7475251036) Cash Dividend USD 0.85 per Share - US Tax,-3.32,
Withholding Tax,Data,USD,2024-09-30,AVGO(US11135F1012) Cash Dividend USD 0.53 per Share - US Tax,-1.59,
Withholding Tax,Data,USD,2024-10-03,NVDA(US67066G1040) Cash Dividend USD 0.01 per Share - US Tax,-0.16,
Withholding Tax,Data,USD,2024-10-15,EPR(US26884U1097) Cash Dividend USD 0.285 per Share - US Tax,-0.34,
Withholding Tax,Data,USD,2024-12-16,GOOGL(US02079K3059) Cash Dividend USD 0.20 per Share - US Tax,-0.9,
Withholding Tax,Data,USD,2024-12-19,QCOM(US7475251036) Cash Dividend USD 0.85 per Share - US Tax,-2.3,
Withholding Tax,Data,USD,2024-12-27,NVDA(US67066G1040) Cash Dividend USD 0.01 per Share - US Tax,-0.19,
Withholding Tax,Data,USD,2024-12-31,AVGO(US11135F1012) Cash Dividend USD 0.59 per Share - US Tax,-2.3,
Withholding Tax,Data,Total,,,-36.7,
Withholding Tax,Data,Total in EUR,,,-33.9654115,
Change in Dividend Accruals,Header,Asset Category,Currency,Symbol,Date,Ex Date,Pay Date,Quantity,Tax,Fee,Gross Rate,Gross Amount,Net Amount,Code
Change in Dividend Accruals,Data,Starting Dividend Accruals in EUR,,,,,,,,,,,0,
Change in Dividend Accruals,Data,Stocks,USD,AAPL,2024-02-08,2024-02-09,2024-02-15,5,0.36,0,0.24,1.2,0.84,Po
Change in Dividend Accruals,Data,Stocks,USD,AAPL,2024-02-15,2024-02-09,2024-02-15,5,-0.36,0,0.24,-1.2,-0.84,Re
Change in Dividend Accruals,Data,Stocks,USD,AAPL,2024-05-09,2024-05-10,2024-05-16,7,0.53,0,0.25,1.75,1.22,Po
Change in Dividend Accruals,Data,Stocks,USD,AAPL,2024-05-16,2024-05-10,2024-05-16,7,-0.53,0,0.25,-1.75,-1.22,Re
Change in Dividend Accruals,Data,Stocks,USD,AAPL,2024-08-09,2024-08-12,2024-08-15,7,0.53,0,0.25,1.75,1.22,Po
Change in Dividend Accruals,Data,Stocks,USD,AAPL,2024-08-15,2024-08-12,2024-08-15,7,-0.53,0,0.25,-1.75,-1.22,Re
Change in Dividend Accruals,Data,Stocks,USD,AVGO,2024-03-19,2024-03-20,2024-04-01,1,1.58,0,5.25,5.25,3.67,Po
Change in Dividend Accruals,Data,Stocks,USD,AVGO,2024-04-01,2024-03-20,2024-04-01,1,-1.58,0,5.25,-5.25,-3.67,Re
Change in Dividend Accruals,Data,Stocks,USD,AVGO,2024-06-21,2024-06-24,2024-06-28,1,1.58,0,5.25,5.25,3.67,Po
Change in Dividend Accruals,Data,Stocks,USD,AVGO,2024-06-28,2024-06-24,2024-06-28,1,-1.58,0,5.25,-5.25,-3.67,Re
Change in Dividend Accruals,Data,Stocks,USD,AVGO,2024-09-18,2024-09-19,2024-09-30,10,1.59,0,0.53,5.3,3.71,Po
Change in Dividend Accruals,Data,Stocks,USD,AVGO,2024-09-30,2024-09-19,2024-09-30,10,-1.59,0,0.53,-5.3,-3.71,Re
Change in Dividend Accruals,Data,Stocks,USD,AVGO,2024-12-20,2024-12-23,2024-12-31,13,2.3,0,0.59,7.67,5.37,Po
Change in Dividend Accruals,Data,Stocks,USD,AVGO,2024-12-31,2024-12-23,2024-12-31,13,-2.3,0,0.59,-7.67,-5.37,Re
Change in Dividend Accruals,Data,Stocks,USD,BWA,2024-02-28,2024-02-29,2024-03-15,5.1315,0.17,0,0.11,0.56,0.39,Po
Change in Dividend Accruals,Data,Stocks,USD,BWA,2024-03-15,2024-02-29,2024-03-15,5.1315,-0.17,0,0.11,-0.56,-0.39,Re
Change in Dividend Accruals,Data,Stocks,USD,CRM,2024-03-12,2024-03-13,2024-04-11,4.8,0.58,0,0.4,1.92,1.34,Po
Change in Dividend Accruals,Data,Stocks,USD,CRM,2024-04-11,2024-03-13,2024-04-11,4.8,-0.58,0,0.4,-1.92,-1.34,Re
Change in Dividend Accruals,Data,Stocks,USD,CRM,2024-07-08,2024-07-09,2024-07-25,3,0.36,0,0.4,1.2,0.84,Po
Change in Dividend Accruals,Data,Stocks,USD,CRM,2024-07-25,2024-07-09,2024-07-25,3,-0.36,0,0.4,-1.2,-0.84,Re
Change in Dividend Accruals,Data,Stocks,USD,CTSH,2024-02-15,2024-02-16,2024-02-28,1.5676,0.14,0,0.3,0.47,0.33,Po
Change in Dividend Accruals,Data,Stocks,USD,CTSH,2024-02-28,2024-02-16,2024-02-28,1.5676,-0.14,0,0.3,-0.47,-0.33,Re
Change in Dividend Accruals,Data,Stocks,USD,EPR,2024-02-27,2024-02-28,2024-03-15,4,0.33,0,0.275,1.1,0.77,Po
Change in Dividend Accruals,Data,Stocks,USD,EPR,2024-03-15,2024-02-28,2024-03-15,4,-0.33,0,0.275,-1.1,-0.77,Re
Change in Dividend Accruals,Data,Stocks,USD,EPR,2024-03-26,2024-03-27,2024-04-15,4,0.34,0,0.285,1.14,0.8,Po
Change in Dividend Accruals,Data,Stocks,USD,EPR,2024-04-15,2024-03-27,2024-04-15,4,-0.34,0,0.285,-1.14,-0.8,Re
Change in Dividend Accruals,Data,Stocks,USD,EPR,2024-04-26,2024-04-29,2024-05-15,4,0.34,0,0.285,1.14,0.8,Po
Change in Dividend Accruals,Data,Stocks,USD,EPR,2024-05-15,2024-04-29,2024-05-15,4,-0.34,0,0.285,-1.14,-0.8,Re
Change in Dividend Accruals,Data,Stocks,USD,EPR,2024-05-30,2024-05-31,2024-06-17,4,0.34,0,0.285,1.14,0.8,Po
Change in Dividend Accruals,Data,Stocks,USD,EPR,2024-06-17,2024-05-31,2024-06-17,4,-0.34,0,0.285,-1.14,-0.8,Re
Change in Dividend Accruals,Data,Stocks,USD,EPR,2024-06-27,2024-06-28,2024-07-15,4,0.34,0,0.285,1.14,0.8,Po
Change in Dividend Accruals,Data,Stocks,USD,EPR,2024-07-15,2024-06-28,2024-07-15,4,-0.34,0,0.285,-1.14,-0.8,Re
Change in Dividend Accruals,Data,Stocks,USD,EPR,2024-07-30,2024-07-31,2024-08-15,4,0.34,0,0.285,1.14,0.8,Po
Change in Dividend Accruals,Data,Stocks,USD,EPR,2024-08-15,2024-07-31,2024-08-15,4,-0.34,0,0.285,-1.14,-0.8,Re
Change in Dividend Accruals,Data,Stocks,USD,EPR,2024-08-29,2024-08-30,2024-09-16,4,0.34,0,0.285,1.14,0.8,Po
Change in Dividend Accruals,Data,Stocks,USD,EPR,2024-09-16,2024-08-30,2024-09-16,4,-0.34,0,0.285,-1.14,-0.8,Re
Change in Dividend Accruals,Data,Stocks,USD,EPR,2024-09-27,2024-09-30,2024-10-15,4,0.34,0,0.285,1.14,0.8,Po
Change in Dividend Accruals,Data,Stocks,USD,EPR,2024-10-15,2024-09-30,2024-10-15,4,-0.34,0,0.285,-1.14,-0.8,Re
Change in Dividend Accruals,Data,Stocks,USD,GOOGL,2024-06-07,2024-06-10,2024-06-17,15,0.9,0,0.2,3,2.1,Po
Change in Dividend Accruals,Data,Stocks,USD,GOOGL,2024-06-17,2024-06-10,2024-06-17,15,-0.9,0,0.2,-3,-2.1,Re
Change in Dividend Accruals,Data,Stocks,USD,GOOGL,2024-09-06,2024-09-09,2024-09-16,17,1.02,0,0.2,3.4,2.38,Po
Change in Dividend Accruals,Data,Stocks,USD,GOOGL,2024-09-16,2024-09-09,2024-09-16,17,-1.02,0,0.2,-3.4,-2.38,Re
Change in Dividend Accruals,Data,Stocks,USD,GOOGL,2024-12-06,2024-12-09,2024-12-16,15,0.9,0,0.2,3,2.1,Po
Change in Dividend Accruals,Data,Stocks,USD,GOOGL,2024-12-16,2024-12-09,2024-12-16,15,-0.9,0,0.2,-3,-2.1,Re
Change in Dividend Accruals,Data,Stocks,USD,IFNNY,2024-02-23,2024-02-26,2024-03-06,5,0,0,0.379855,1.78,1.78,Po
Change in Dividend Accruals,Data,Stocks,USD,IFNNY,2024-02-23,2024-02-26,2024-03-06,5,0.5,0.13,0.379855,1.9,1.27,Po
Change in Dividend Accruals,Data,Stocks,USD,IFNNY,2024-02-23,2024-02-26,2024-03-06,5,0,0,0.379855,-1.78,-1.78,Re
Change in Dividend Accruals,Data,Stocks,USD,IFNNY,2024-03-06,2024-02-26,2024-03-06,5,-0.5,-0.13,0.378735,-1.9,-1.27,Re
Change in Dividend Accruals,Data,Stocks,USD,INTU,2024-04-08,2024-04-09,2024-04-18,0.5,0.14,0,0.9,0.45,0.31,Po
Change in Dividend Accruals,Data,Stocks,USD,INTU,2024-04-18,2024-04-09,2024-04-18,0.5,-0.14,0,0.9,-0.45,-0.31,Re
Change in Dividend Accruals,Data,Stocks,USD,KLAC,2024-02-14,2024-02-15,2024-03-01,1.5,0.66,0,1.45,2.18,1.52,Po
Change in Dividend Accruals,Data,Stocks,USD,KLAC,2024-02-14,2024-02-15,2024-03-01,1.5,0.65,0,1.45,2.18,1.53,Po
Change in Dividend Accruals,Data,Stocks,USD,KLAC,2024-02-14,2024-02-15,2024-03-01,1.5,-0.66,0,1.45,-2.18,-1.52,Re
Change in Dividend Accruals,Data,Stocks,USD,KLAC,2024-03-01,2024-02-15,2024-03-01,1.5,-0.65,0,1.45,-2.18,-1.53,Re
Change in Dividend Accruals,Data,Stocks,USD,KLAC,2024-05-13,2024-05-14,2024-05-31,0.5,0.22,0,1.45,0.73,0.51,Po
Change in Dividend Accruals,Data,Stocks,USD,KLAC,2024-05-13,2024-05-14,2024-05-31,0.5,0.22,0,1.45,0.73,0.51,Po
Change in Dividend Accruals,Data,Stocks,USD,KLAC,2024-05-13,2024-05-14,2024-05-31,0.5,-0.22,0,1.45,-0.73,-0.51,Re
Change in Dividend Accruals,Data,Stocks,USD,KLAC,2024-05-31,2024-05-14,2024-05-31,0.5,-0.22,0,1.45,-0.73,-0.51,Re
Change in Dividend Accruals,Data,Stocks,USD,MSFT,2024-02-13,2024-02-14,2024-03-14,2,0.45,0,0.75,1.5,1.05,Po
Change in Dividend Accruals,Data,Stocks,USD,MSFT,2024-03-14,2024-02-14,2024-03-14,2,-0.45,0,0.75,-1.5,-1.05,Re
Change in Dividend Accruals,Data,Stocks,USD,MSFT,2024-05-14,2024-05-15,2024-06-13,2,0.45,0,0.75,1.5,1.05,Po
Change in Dividend Accruals,Data,Stocks,USD,MSFT,2024-06-13,2024-05-15,2024-06-13,2,-0.45,0,0.75,-1.5,-1.05,Re
Change in Dividend Accruals,Data,Stocks,USD,MSFT,2024-08-14,2024-08-15,2024-09-12,2,0.45,0,0.75,1.5,1.05,Po
Change in Dividend Accruals,Data,Stocks,USD,MSFT,2024-09-12,2024-08-15,2024-09-12,2,-0.45,0,0.75,-1.5,-1.05,Re
Change in Dividend Accruals,Data,Stocks,USD,NNN,2024-04-26,2024-04-29,2024-05-15,10,1.7,0,0.565,5.65,3.95,Po
Change in Dividend Accruals,Data,Stocks,USD,NNN,2024-05-15,2024-04-29,2024-05-15,10,-1.7,0,0.565,-5.65,-3.95,Re
Change in Dividend Accruals,Data,Stocks,USD,NNN,2024-07-30,2024-07-31,2024-08-15,10,1.74,0,0.58,5.8,4.06,Po
Change in Dividend Accruals,Data,Stocks,USD,NNN,2024-08-15,2024-07-31,2024-08-15,10,-1.74,0,0.58,-5.8,-4.06,Re
Change in Dividend Accruals,Data,Stocks,USD,NVDA,2024-03-04,2024-03-05,2024-03-27,5,0.06,0,0.04,0.2,0.14,Po
Change in Dividend Accruals,Data,Stocks,USD,NVDA,2024-03-27,2024-03-05,2024-03-27,5,-0.06,0,0.04,-0.2,-0.14,Re
Change in Dividend Accruals,Data,Stocks,USD,NVDA,2024-06-10,2024-06-11,2024-06-28,30,0.09,0,0.01,0.3,0.21,Po
Change in Dividend Accruals,Data,Stocks,USD,NVDA,2024-06-28,2024-06-11,2024-06-28,30,-0.09,0,0.01,-0.3,-0.21,Re
Change in Dividend Accruals,Data,Stocks,USD,NVDA,2024-09-11,2024-09-12,2024-10-03,53,0.16,0,0.01,0.53,0.37,Po
Change in Dividend Accruals,Data,Stocks,USD,NVDA,2024-10-03,2024-09-12,2024-10-03,53,-0.16,0,0.01,-0.53,-0.37,Re
Change in Dividend Accruals,Data,Stocks,USD,NVDA,2024-12-04,2024-12-05,2024-12-27,62,0.19,0,0.01,0.62,0.43,Po
Change in Dividend Accruals,Data,Stocks,USD,NVDA,2024-12-27,2024-12-05,2024-12-27,62,-0.19,0,0.01,-0.62,-0.43,Re
Change in Dividend Accruals,Data,Stocks,USD,QCOM,2024-02-27,2024-02-28,2024-03-21,9,2.16,0,0.8,7.2,5.04,Po
Change in Dividend Accruals,Data,Stocks,USD,QCOM,2024-03-21,2024-02-28,2024-03-21,9,-2.16,0,0.8,-7.2,-5.04,Re
Change in Dividend Accruals,Data,Stocks,USD,QCOM,2024-05-29,2024-05-30,2024-06-20,9,2.3,0,0.85,7.65,5.35,Po
Change in Dividend Accruals,Data,Stocks,USD,QCOM,2024-06-20,2024-05-30,2024-06-20,9,-2.3,0,0.85,-7.65,-5.35,Re
Change in Dividend Accruals,Data,Stocks,USD,QCOM,2024-09-04,2024-09-05,2024-09-26,13,3.32,0,0.85,11.05,7.73,Po
Change in Dividend Accruals,Data,Stocks,USD,QCOM,2024-09-26,2024-09-05,2024-09-26,13,-3.32,0,0.85,-11.05,-7.73,Re
Change in Dividend Accruals,Data,Stocks,USD,QCOM,2024-12-04,2024-12-05,2024-12-19,9,2.3,0,0.85,7.65,5.35,Po
Change in Dividend Accruals,Data,Stocks,USD,QCOM,2024-12-19,2024-12-05,2024-12-19,9,-2.3,0,0.85,-7.65,-5.35,Re
Change in Dividend Accruals,Data,Stocks,USD,SAP,2024-05-15,2024-05-16,2024-05-28,7,0.63,0.03,2.385152,16.64,15.98,Po
Change in Dividend Accruals,Data,Stocks,USD,SAP,2024-05-15,2024-05-16,2024-05-28,7,4.4,0.21,2.385152,16.69,12.08,Po
Change in Dividend Accruals,Data,Stocks,USD,SAP,2024-05-15,2024-05-16,2024-05-28,7,-0.63,-0.03,2.385152,-16.64,-15.98,Re
Change in Dividend Accruals,Data,Stocks,USD,SAP,2024-05-28,2024-05-16,2024-05-28,7,-4.4,-0.21,2.391312,-16.69,-12.08,Re
Change in Dividend Accruals,Data,Stocks,USD,STM,2024-03-15,2024-03-18,2024-03-26,10,0.04,0,0.06,0.6,0.56,Po
Change in Dividend Accruals,Data,Stocks,USD,STM,2024-03-15,2024-03-18,2024-03-26,10,0.09,0,0.06,0.6,0.51,Po
Change in Dividend Accruals,Data,Stocks,USD,STM,2024-03-15,2024-03-18,2024-03-26,10,-0.03,0,0.06,-0.6,-0.57,Re
Change in Dividend Accruals,Data,Stocks,USD,STM,2024-03-26,2024-03-18,2024-03-26,10,-0.09,0,0.06,-0.6,-0.51,Re
Change in Dividend Accruals,Data,Stocks,USD,STM,2024-06-24,2024-06-25,2024-07-03,5,0.07,0,0.09,0.45,0.38,Po
Change in Dividend Accruals,Data,Stocks,USD,STM,2024-07-03,2024-06-25,2024-07-03,5,-0.07,0,0.09,-0.45,-0.38,Re
Change in Dividend Accruals,Data,Total,,,,,,,0.01,0,,-0,-0.01,
Change in Dividend Accruals,Data,Total in EUR,,,,,,,-0.0566183,-0.0006171,,-0.2266649,-0.1694295,
Change in Dividend Accruals,Data,Ending Dividend Accruals in EUR,,,,,,,,,,,0,
Financial Instrument Information,Header,Asset Category,Symbol,Description,Conid,Security ID,Underlying,Listing Exch,Multiplier,Type,Code
Financial Instrument Information,Data,Stocks,AAPL,APPLE INC,265598,US0378331005,AAPL,NASDAQ,1,COMMON,
Financial Instrument Information,Data,Stocks,ABNB,AIRBNB INC-CLASS A,459530964,US0090661010,,NASDAQ,1,COMMON,
Financial Instrument Information,Data,Stocks,AMD,ADVANCED MICRO DEVICES,4391,US0079031078,AMD,NASDAQ,1,COMMON,
Financial Instrument Information,Data,Stocks,AVGO,BROADCOM INC,313130367,US11135F1012,AVGO,NASDAQ,1,COMMON,
Financial Instrument Information,Data,Stocks,BWA,BORGWARNER INC,5336,US0997241064,,NYSE,1,COMMON,
Financial Instrument Information,Data,Stocks,CAT,CATERPILLAR INC,5437,US1491231015,CAT,NYSE,1,COMMON,
Financial Instrument Information,Data,Stocks,CHPT,CHARGEPOINT HOLDINGS INC,470662741,US15961R1059,,NYSE,1,COMMON,
Financial Instrument Information,Data,Stocks,CLSK,CLEANSPARK INC,395179962,US18452B2097,CLSK,NASDAQ,1,COMMON,
Financial Instrument Information,Data,Stocks,COIN,COINBASE GLOBAL INC -CLASS A,481691285,US19260Q1076,COIN,NASDAQ,1,COMMON,
Financial Instrument Information,Data,Stocks,CRM,SALESFORCE INC,29624264,US79466L3024,CRM,NYSE,1,COMMON,
Financial Instrument Information,Data,Stocks,CRWD,CROWDSTRIKE HOLDINGS INC - A,370757467,US22788C1053,CRWD,NASDAQ,1,COMMON,
Financial Instrument Information,Data,Stocks,CTSH,COGNIZANT TECH SOLUTIONS-A,4728759,US1924461023,,NASDAQ,1,COMMON,
Financial Instrument Information,Data,Stocks,EPR,EPR PROPERTIES,116776441,US26884U1097,EPR,NYSE,1,REIT,
Financial Instrument Information,Data,Stocks,FTNT,FORTINET INC,70236214,US34959E1091,,NASDAQ,1,COMMON,
Financial Instrument Information,Data,Stocks,GOOGL,ALPHABET INC-CL A,208813719,US02079K3059,GOOGL,NASDAQ,1,COMMON,
Financial Instrument Information,Data,Stocks,HUBS,HUBSPOT INC,169544810,US4435731009,HUBS,NYSE,1,COMMON,
Financial Instrument Information,Data,Stocks,IFNNY,INFINEON TECHNOLOGIES-ADR,7718213,US45662N1037,,PINK,1,ADR,
Financial Instrument Information,Data,Stocks,INTU,INTUIT INC,270662,US4612021034,,NASDAQ,1,COMMON,
Financial Instrument Information,Data,Stocks,IWQU,ISHR EDGE MSCI WRLD QLY FCTR,169449225,IE00BP3QZ601,IWQU,LSEETF,1,ETF,
Financial Instrument Information,Data,Stocks,KLAC,KLA CORP,270957,US4824801009,,NASDAQ,1,COMMON,
Financial Instrument Information,Data,Stocks,MARA,MARA HOLDINGS INC,474219659,US5657881067,MARA,NASDAQ,1,COMMON,
Financial Instrument Information,Data,Stocks,MSFT,MICROSOFT CORP,272093,US5949181045,MSFT,NASDAQ,1,COMMON,
Financial Instrument Information,Data,Stocks,MU,MICRON TECHNOLOGY INC,9939,US5951121038,MU,NASDAQ,1,COMMON,
Financial Instrument Information,Data,Stocks,NLCP,NEWLAKE CAPITAL PARTNERS INC,509735674,US6514951036,NLCP,PINK,1,REIT,
Financial Instrument Information,Data,Stocks,NNN,NNN REIT INC,39042404,US6374171063,NNN,NYSE,1,REIT,
Financial Instrument Information,Data,Stocks,NVDA,NVIDIA CORP,4815747,US67066G1040,NVDA,NASDAQ,1,COMMON,
Financial Instrument Information,Data,Stocks,PLTR,PALANTIR TECHNOLOGIES INC-A,444857009,US69608A1088,PLTR,NASDAQ,1,COMMON,
Financial Instrument Information,Data,Stocks,PYPL,PAYPAL HOLDINGS INC,199169591,US70450Y1038,PYPL,NASDAQ,1,COMMON,
Financial Instrument Information,Data,Stocks,QCOM,QUALCOMM INC,273544,US7475251036,QCOM,NASDAQ,1,COMMON,
Financial Instrument Information,Data,Stocks,RGTI,RIGETTI COMPUTING INC,547605251,US76655K1034,RGTI,NASDAQ,1,COMMON,
Financial Instrument Information,Data,Stocks,SAP,SAP SE-SPONSORED ADR,3804335,US8030542042,SAP,NYSE,1,ADR,
Financial Instrument Information,Data,Stocks,SNAP,SNAP INC - A,268060148,US83304A1060,SNAP,NYSE,1,COMMON,
Financial Instrument Information,Data,Stocks,SOFI,SOFI TECHNOLOGIES INC,494162724,US83406F1021,SOFI,NASDAQ,1,COMMON,
Financial Instrument Information,Data,Stocks,SOUN,SOUNDHOUND AI INC-A,558869874,US8361001071,SOUN,NASDAQ,1,COMMON,
Financial Instrument Information,Data,Stocks,STM,STMICROELECTRONICS NV-NY SHS,12460,US8610121027,STM,NYSE,1,NY REG SHRS,
Financial Instrument Information,Data,Stocks,TSLA,TESLA INC,76792991,US88160R1014,TSLA,NASDAQ,1,COMMON,
Financial Instrument Information,Data,Stocks,WAGA,WAGA ENERGY SA,523162999,FR0012532810,,SBF,1,COMMON,
Financial Instrument Information,Data,Stocks,ZS,ZSCALER INC,310621426,US98980G1022,ZS,NASDAQ,1,COMMON,
Codes,Header,Code,Meaning,Code (Cont.),Meaning (Cont.)
Codes,Data,A,Assignment
Codes,Data,ADR,ADR Fee Accrual
Codes,Data,AEx,Automatic exercise for dividend-related recommendation.
Codes,Data,AFx,AutoFX conversion resulting from trading
Codes,Data,Adj,Adjustment
Codes,Data,Al,Allocation
Codes,Data,Aw,Away Trade
Codes,Data,B,Automatic Buy-in
Codes,Data,Bo,Direct Borrow
Codes,Data,C,Closing Trade
Codes,Data,CD,Cash Delivery
Codes,Data,CP,Complex Position
Codes,Data,Ca,Cancelled
Codes,Data,Co,Corrected Trade
Codes,Data,Cx,Part or all of this transaction was a Crossing executed as dual agent by IB for two IB customers
Codes,Data,DT,Discounted Trade
Codes,Data,De,Delivery or Conversion Action
Codes,Data,ETF,ETF Creation/Redemption
Codes,Data,Ep,Resulted from an Expired Position
Codes,Data,Ex,Exercise
Codes,Data,FP,The fractional portion of this trade was executed against IB or an affiliate.
Codes,Data,FPA,The fractional portion of this trade was executed against IB or an affiliate. IB acted as agent for the whole share portion of this trade.
Codes,Data,G,Trade in Guaranteed Account Segment
Codes,Data,GEA,Exercise or Assignment resulting from offsetting positions
Codes,Data,HC,Highest Cost tax basis election
Codes,Data,HFI,Investment Transferred to Hedge Fund
Codes,Data,HFR,Redemption from Hedge Fund
Codes,Data,I,Internal Transfer
Codes,Data,IA,The transaction was executed against IB or an affiliate
Codes,Data,IM,A portion of the order was executed against IB or an affiliate; IB acted as agent on a portion.
Codes,Data,INV,Investment Transfer from Investor
Codes,Data,IPO,This transaction was executed as part of an IPO in which IB was a member of the selling group and is classified as a Principal trade.
Codes,Data,L,Ordered by IB (Margin Violation)
Codes,Data,LD,Adjusted by Loss Disallowed from Wash Sale
Codes,Data,LF,Liquidation of fractional position by IB
Codes,Data,LI,"Last In, First Out (LIFO) tax basis election"
Codes,Data,LT,Long Term P/L
Codes,Data,Lo,Direct Loan
Codes,Data,M,Entered manually by IB
Codes,Data,MEx,Manual exercise for dividend-related recommendation.
Codes,Data,ML,Maximize Losses tax basis election
Codes,Data,MLG,Maximize Long Term Gain tax basis election
Codes,Data,MLL,Maximize Long Term Loss tax basis election
Codes,Data,MSG,Maximize Short Term Gain tax basis election
Codes,Data,MSL,Maximize Short Term Loss tax basis election
Codes,Data,O,Opening Trade
Codes,Data,Off,Yes and No contracts offset to $1.00 cash settlement
Codes,Data,P,Partial Execution
Codes,Data,PE,Perpetual Investment
Codes,Data,PI,Price Improvement
Codes,Data,PTA,Post Trade Allocation
Codes,Data,Po,Interest or Dividend Accrual Posting
Codes,Data,Pr,Part or all of this transaction was executed by the Exchange as a Crossing by IB against an IB affiliate and is therefore classified as a Principal and not an agency trade
Codes,Data,R,Dividend Reinvestment
Codes,Data,RED,Redemption to Investor
Codes,Data,RI,Recurring Investment
Codes,Data,RP,"IB acted as agent for the fractional share portion of this trade, which was executed by an IB affiliate as riskless principal."
Codes,Data,RPA,IB acted as agent for both the fractional share portion and the whole share portion of this trade; the fractional share portion was executed by an IB Affiliate as riskless principal.
Codes,Data,Rb,Rebill
Codes,Data,Re,Interest or Dividend Accrual Reversal
Codes,Data,Ri,Reimbursement
Codes,Data,S0,Contract settled to zero value
Codes,Data,S1,Contract settled to $1.00
Codes,Data,SF,Trade is subject to IBKR Lite Surcharge Fee if volume of such trades exceeds 10% of the total monthly Lite trade volume
Codes,Data,SI,This order was solicited by Interactive Brokers
Codes,Data,SL,Specific Lot tax basis election
Codes,Data,SO,This order was marked as solicited by your Introducing Broker
Codes,Data,SS,Customer designated this trade for shortened settlement and so is subject to execution at prices above the prevailing market
Codes,Data,ST,Short Term P/L
Codes,Data,T,Transfer
Codes,Data,Un,Unvested shares from stock grant
Codes,Data,XCH,Mutual Fund Exchange Transaction
Notes/Legal Notes,Header,Type,Note
Notes/Legal Notes,Data,Notes,"Stock exchange transactions generally settle on the trade date plus one business day (T+1). Options, futures and US open-end mutual fund transactions also settle on trade date plus one business day. Some exchanges and other transaction types may have longer or shorter settlement periods. Ending settled cash reflects the cash that has actually settled."
Notes/Legal Notes,Data,Notes,Initial and maintenance margin requirements are available within the Account Window of the Trader Workstation.
Notes/Legal Notes,Data,Notes,"Quantities preceded by a ""-"" sign indicate sell transactions. Other transactions are purchases. "
Notes/Legal Notes,Data,Notes,"For shares traded on US markets, Interactive Brokers Ireland Limited (IBIE) acts as agent in executing the fractional portion of your order. In certain circumstances, IBIE routes that portion to an affiliate, which may execute it either as principal or riskless principal. If an IB affiliate executes as i) principal, the order will be executed at the price displayed for the opposite side of the NBBO from your order (the offer if you are buying and the bid if you are selling) at the time of execution, ii) riskless principal, the affiliate will execute that portion of your order at the price it receives for the execution of the whole share. The way in which the fractional portion of the order is executed is indicated by the codes associated with the trade. For shares traded on European Markets, IBIE will generally act as counterparty for any fractional portion of your order for shares, which it will execute as principal, for a total consideration which is equal to (or better than), the total consideration for the execution of a full share available at the European trading venues and SIs to which IBIE has access. In certain circumstances, IBIE may route a full share order to the available European trading venues acting in an Agency capacity and the fractional portion of the order will be allocated to your account at the price traded in the trading venue and the remaining fractional portion will be allocated to an affiliate. "
Notes/Legal Notes,Data,Notes,"In case of partial executions, commissions are charged on the total quantity executed on the original order. The commission is displayed on the first partial execution only."
Notes/Legal Notes,Data,Notes,Trade execution times are displayed in Eastern Time.
Notes/Legal Notes,Data,Notes,Applicable regulatory fees for your transactions are available on the IB website at www.interactivebrokers.com/en/accounts/fees/exchangeAndRegulatoryFees.php.
Notes/Legal Notes,Data,Notes,"Borrow Fee Rate represents the cost to borrow stock expressed in percent per annum. It is applied to the collateral value on the stock borrow contract and is separate from any interest earned on credit cash balances. Similarly, Loan Fee Rate represents the benefit to lend stock. A positive rate indicates a cost to the borrower/benefit to the lender and a negative rate indicates a benefit to the borrower/cost to the lender. In general, the fee rates for hard-to-borrow stocks are higher than for normal availability stocks."
Notes/Legal Notes,Data,Notes,Interest Rate on Customer Collateral represents the interest paid on the collateral posted to the customer's account and received from lending stock.  A positive rate indicates a benefit to the lender.
Notes/Legal Notes,Data,Notes,"The closing prices on this Activity Statement are indicative and may come from third-party sources. Interactive Brokers does not warrant the accuracy of the prices provided by third-party sources. Due to time zone differences, certain non-US mutual funds may deliver closing prices after the Activity Statement has been produced and the closing prices for such funds will reflect the previous day's price."
Notes/Legal Notes,Data,Notes,All Market Data and Research services are provided through Global Financial Information Services (GmbH).
Notes/Legal Notes,Data,Notes,"Market data is provided by Global Financial Information Services (GmbH). Your local broker collects amounts owed for fees and tax for such data on behalf of Global Financial Information Services (GmbH). Note, you are responsible for any applicable taxes relating to the provision of these services."
Notes/Legal Notes,Data,Notes,"Directive 2014/65/EU and its implementing measures (MiFID II) applies to all client funds and client financial instruments (Client Assets) on this statement except those Client Assets that are not classified as segregated assets, namely securities lent under the Stock Yield Enhancement Programme as identified in the IBKR Managed Securities Lent section of this statement and Client Assets noted as Not Segregated in the Collateral for Customer Borrowing section of this statement.  IBIE applies the MiFID II Client Asset protection requirements to funds and instruments that are not subject to MiFID II in the same way as it applies those requirements to Client Assets. IBIE is also subject to the client asset requirements set out in the Central Bank (Supervision and Enforcement) Act 2013 (Section 48(1))(Investment Firms) Regulations 2023 (=S.I. No. 10 of 2023)."
Notes/Legal Notes,Data,Notes,RUS denotes Ruble balances that have been restricted by Russian authorities.
Notes/Legal Notes,Data,Mutual Fund Notes,"All purchase and sales of mutual funds are calculated against the published NAV (Net Asset Value) of the underlying fund and is displayed on this confirmation as the ""C. Price"" (Closing Price). Due to any fees charged by a fund and/or any share rounding, the net price you pay may vary from the published NAV and is shown on this confirmation as the ""T. Price"" (Trade Price)."
Notes/Legal Notes,Data,Fixed Income Notes,"Call features for bonds or preferred stocks may affect the yield. For zero coupon, compound interest and multiplier securities, there are no periodic payments and securities may be callable below maturity value without notice to holder unless registered. For asset-backed securities, the actual yield may vary depending on the speed at which the underlying note is pre-paid. For additional information regarding bond yield, please contact the IB Help Desk at: ibkr.com/help. If this debt security is unrated by a nationally recognized statistical rating organization, it may pose a high risk of default. You should consult an independent advisor to determine whether unrated bonds are appropriate for your portfolio in light of your goals and your financial circumstances. Fees charged by bond trading centers are included in the cost of bond transactions."
Notes/Legal Notes,Data,Legal Notes,"Please promptly report any inaccuracy or discrepancy in this statement, or in your account, to Interactive Brokers Ireland Limited (""IBIE""). You can contact us by telephone or electronically through the IBIE website at, www.interactivebrokers.ie. If you report an error by telephone, you should re-confirm such oral communication in writing in order to protect your rights, including your rights under the Investor Compensation Scheme."
Notes/Legal Notes,Data,Legal Notes,"Unless otherwise noted, IBIE acted as agent in the execution of the above transactions. IBIE may execute your trades through affiliates or third-party brokers who are members of the relevant exchange or market center. Please see the IBIE CAKID Bank Account List at www.ibkr.ie/cakid for custody details."
Notes/Legal Notes,Data,Legal Notes,"IBIE acts as agent or riskless principal in foreign currency exchange transactions and CFDs. Such transactions are executed against an IBIE affiliate, which acts as principal in such transactions and may have a long or short position and may have profited or lost in connection with the transaction."
Notes/Legal Notes,Data,Legal Notes,"IBIE routes orders in US products through its US affiliate, IBLLC. IBLLC accepts liquidity rebates or other order flow payments from Alternative Trading Systems, market makers and exchanges for certain orders in US stocks. IBLLC receives payment for some US option orders pursuant to exchange-mandated marketing fee programs or other arrangements."
Notes/Legal Notes,Data,Legal Notes,Please promptly notify IB-IE of any material change in your investment objectives or financial situation or circumstances.
Notes/Legal Notes,Data,Legal Notes,"An up-to-date financial statement of IBIE is available for your personal inspection at www.interactivebrokers.ie or at its offices, or a copy of the financial statement will be mailed to you upon your written request."
Notes/Legal Notes,Data,Legal Notes,"IBIE is a member of the Investor Compensation Scheme, which provides protection for customers in the event of the failure of IBIE. Further information on the Investor Compensation Scheme can be found at  www.investorcompensation.ie  ."
Notes/Legal Notes,Data,Legal Notes,IBIE is incorporated under the laws of Ireland and registered with the Irish Companies Registration Office with company registration number 657406.
Notes/Legal Notes,Data,Legal Notes,IBIE is regulated by the Central Bank of Ireland.
Notes/Legal Notes,Data,Legal Notes,"IBIE's Registered Office address is 91 North Wall Quay, Dublin, D01 H7V7, Ireland."
Notes/Legal Notes,Data,Legal Notes,"IBIE is included in the Central Bank of Ireland's register of authorised firms under number C423427. The CBI's address is New Wapping Street, North Wall Quay, Dublin 1, D01 F7X3. The CBI's website is www.centralbank.ie."
